[
   {
      "objectId" : "66",
      "name" : "Notifications_4",
      "visible" : true,
      "maskFrame" : {
         "x" : -720,
         "y" : 770,
         "width" : 1440,
         "height" : 1024
      },
      "layerFrame" : {
         "x" : -720,
         "y" : 770,
         "width" : 1440,
         "height" : 1024
      },
      "children" : [
         {
            "objectId" : "65",
            "name" : "Nav_Side_Bar",
            "visible" : true,
            "maskFrame" : null,
            "layerFrame" : {
               "x" : 0,
               "y" : 0,
               "width" : 250,
               "height" : 1024
            },
            "children" : [
               {
                  "objectId" : "64",
                  "name" : "Options",
                  "visible" : true,
                  "maskFrame" : null,
                  "layerFrame" : {
                     "x" : 0,
                     "y" : 290,
                     "width" : 230,
                     "height" : 453
                  },
                  "children" : [
                     {
                        "objectId" : "63",
                        "name" : "Home_2",
                        "visible" : true,
                        "maskFrame" : null,
                        "layerFrame" : {
                           "x" : 0,
                           "y" : 290,
                           "width" : 230,
                           "height" : 57
                        },
                        "children" : [],
                        "kind" : "group",
                        "imageType" : "png",
                        "image" : {
                           "path" : "images/63.png",
                           "frame" : {
                              "x" : 0,
                              "y" : 290,
                              "width" : 230,
                              "height" : 57
                           }
                        }
                     },
                     {
                        "objectId" : "62",
                        "name" : "AdjustBookings",
                        "visible" : true,
                        "maskFrame" : null,
                        "layerFrame" : {
                           "x" : 0,
                           "y" : 359,
                           "width" : 230,
                           "height" : 42
                        },
                        "children" : [],
                        "kind" : "group",
                        "imageType" : "png",
                        "image" : {
                           "path" : "images/62.png",
                           "frame" : {
                              "x" : 0,
                              "y" : 359,
                              "width" : 230,
                              "height" : 42
                           }
                        }
                     },
                     {
                        "objectId" : "61",
                        "name" : "ServiceRobots",
                        "visible" : true,
                        "maskFrame" : null,
                        "layerFrame" : {
                           "x" : 0,
                           "y" : 413,
                           "width" : 230,
                           "height" : 42
                        },
                        "children" : [],
                        "kind" : "group",
                        "imageType" : "png",
                        "image" : {
                           "path" : "images/61.png",
                           "frame" : {
                              "x" : 0,
                              "y" : 413,
                              "width" : 230,
                              "height" : 42
                           }
                        }
                     },
                     {
                        "objectId" : "60",
                        "name" : "Contact_2",
                        "visible" : true,
                        "maskFrame" : null,
                        "layerFrame" : {
                           "x" : 0,
                           "y" : 467,
                           "width" : 230,
                           "height" : 167
                        },
                        "children" : [
                           {
                              "objectId" : "59",
                              "name" : "ContactTab",
                              "visible" : true,
                              "maskFrame" : null,
                              "layerFrame" : {
                                 "x" : 0,
                                 "y" : 468,
                                 "width" : 230,
                                 "height" : 40
                              },
                              "children" : [
                                 {
                                    "objectId" : "58",
                                    "name" : "ContactTabBorder",
                                    "visible" : true,
                                    "maskFrame" : null,
                                    "layerFrame" : {
                                       "x" : 0,
                                       "y" : 505,
                                       "width" : 230,
                                       "height" : 3
                                    },
                                    "children" : [],
                                    "kind" : "group",
                                    "imageType" : "png",
                                    "image" : {
                                       "path" : "images/58.png",
                                       "frame" : {
                                          "x" : 0,
                                          "y" : 505,
                                          "width" : 230,
                                          "height" : 3
                                       }
                                    }
                                 }
                              ],
                              "kind" : "group",
                              "imageType" : "png",
                              "image" : {
                                 "path" : "images/59.png",
                                 "frame" : {
                                    "x" : 0,
                                    "y" : 468,
                                    "width" : 230,
                                    "height" : 40
                                 }
                              }
                           },
                           {
                              "objectId" : "57",
                              "name" : "ArrowDrop",
                              "visible" : true,
                              "maskFrame" : null,
                              "layerFrame" : {
                                 "x" : 206,
                                 "y" : 467,
                                 "width" : 24,
                                 "height" : 24
                              },
                              "children" : [
                                 {
                                    "objectId" : "56",
                                    "name" : "Arrow",
                                    "visible" : true,
                                    "maskFrame" : null,
                                    "layerFrame" : {
                                       "x" : 206,
                                       "y" : 467,
                                       "width" : 24,
                                       "height" : 24
                                    },
                                    "children" : [],
                                    "kind" : "group",
                                    "imageType" : "png",
                                    "image" : {
                                       "path" : "images/56.png",
                                       "frame" : {
                                          "x" : 206,
                                          "y" : 467,
                                          "width" : 24,
                                          "height" : 24
                                       }
                                    }
                                 }
                              ],
                              "kind" : "group"
                           },
                           {
                              "objectId" : "55",
                              "name" : "ResidentTab",
                              "visible" : true,
                              "maskFrame" : null,
                              "layerFrame" : {
                                 "x" : 37,
                                 "y" : 506,
                                 "width" : 193,
                                 "height" : 44
                              },
                              "children" : [
                                 {
                                    "objectId" : "54",
                                    "name" : "ResidentBorder",
                                    "visible" : true,
                                    "maskFrame" : null,
                                    "layerFrame" : {
                                       "x" : 37,
                                       "y" : 547,
                                       "width" : 193,
                                       "height" : 3
                                    },
                                    "children" : [],
                                    "kind" : "group",
                                    "imageType" : "png",
                                    "image" : {
                                       "path" : "images/54.png",
                                       "frame" : {
                                          "x" : 37,
                                          "y" : 547,
                                          "width" : 193,
                                          "height" : 3
                                       }
                                    }
                                 },
                                 {
                                    "objectId" : "53",
                                    "name" : "Resident",
                                    "visible" : true,
                                    "maskFrame" : null,
                                    "layerFrame" : {
                                       "x" : 52,
                                       "y" : 506,
                                       "width" : 95,
                                       "height" : 42
                                    },
                                    "children" : [],
                                    "kind" : "group",
                                    "imageType" : "png",
                                    "image" : {
                                       "path" : "images/53.png",
                                       "frame" : {
                                          "x" : 52,
                                          "y" : 506,
                                          "width" : 95,
                                          "height" : 42
                                       }
                                    }
                                 }
                              ],
                              "kind" : "group"
                           },
                           {
                              "objectId" : "52",
                              "name" : "TechnicianTab",
                              "visible" : true,
                              "maskFrame" : null,
                              "layerFrame" : {
                                 "x" : 37,
                                 "y" : 548,
                                 "width" : 193,
                                 "height" : 44
                              },
                              "children" : [
                                 {
                                    "objectId" : "51",
                                    "name" : "TechnicianBorder",
                                    "visible" : true,
                                    "maskFrame" : null,
                                    "layerFrame" : {
                                       "x" : 37,
                                       "y" : 589,
                                       "width" : 193,
                                       "height" : 3
                                    },
                                    "children" : [],
                                    "kind" : "group",
                                    "imageType" : "png",
                                    "image" : {
                                       "path" : "images/51.png",
                                       "frame" : {
                                          "x" : 37,
                                          "y" : 589,
                                          "width" : 193,
                                          "height" : 3
                                       }
                                    }
                                 },
                                 {
                                    "objectId" : "50",
                                    "name" : "Technicians",
                                    "visible" : true,
                                    "maskFrame" : null,
                                    "layerFrame" : {
                                       "x" : 52,
                                       "y" : 548,
                                       "width" : 111,
                                       "height" : 42
                                    },
                                    "children" : [],
                                    "kind" : "group",
                                    "imageType" : "png",
                                    "image" : {
                                       "path" : "images/50.png",
                                       "frame" : {
                                          "x" : 52,
                                          "y" : 548,
                                          "width" : 111,
                                          "height" : 42
                                       }
                                    }
                                 }
                              ],
                              "kind" : "group"
                           },
                           {
                              "objectId" : "49",
                              "name" : "PoliceTab",
                              "visible" : true,
                              "maskFrame" : null,
                              "layerFrame" : {
                                 "x" : 37,
                                 "y" : 590,
                                 "width" : 193,
                                 "height" : 44
                              },
                              "children" : [
                                 {
                                    "objectId" : "48",
                                    "name" : "PoliceBorder",
                                    "visible" : true,
                                    "maskFrame" : null,
                                    "layerFrame" : {
                                       "x" : 37,
                                       "y" : 631,
                                       "width" : 193,
                                       "height" : 3
                                    },
                                    "children" : [],
                                    "kind" : "group",
                                    "imageType" : "png",
                                    "image" : {
                                       "path" : "images/48.png",
                                       "frame" : {
                                          "x" : 37,
                                          "y" : 631,
                                          "width" : 193,
                                          "height" : 3
                                       }
                                    }
                                 },
                                 {
                                    "objectId" : "47",
                                    "name" : "Police",
                                    "visible" : true,
                                    "maskFrame" : null,
                                    "layerFrame" : {
                                       "x" : 52,
                                       "y" : 590,
                                       "width" : 95,
                                       "height" : 42
                                    },
                                    "children" : [],
                                    "kind" : "group",
                                    "imageType" : "png",
                                    "image" : {
                                       "path" : "images/47.png",
                                       "frame" : {
                                          "x" : 52,
                                          "y" : 590,
                                          "width" : 95,
                                          "height" : 42
                                       }
                                    }
                                 }
                              ],
                              "kind" : "group"
                           }
                        ],
                        "kind" : "group"
                     },
                     {
                        "objectId" : "46",
                        "name" : "Infringements_2",
                        "visible" : true,
                        "maskFrame" : null,
                        "layerFrame" : {
                           "x" : 0,
                           "y" : 647,
                           "width" : 230,
                           "height" : 42
                        },
                        "children" : [],
                        "kind" : "group",
                        "imageType" : "png",
                        "image" : {
                           "path" : "images/46.png",
                           "frame" : {
                              "x" : 0,
                              "y" : 647,
                              "width" : 230,
                              "height" : 42
                           }
                        }
                     },
                     {
                        "objectId" : "45",
                        "name" : "Settings_2",
                        "visible" : true,
                        "maskFrame" : null,
                        "layerFrame" : {
                           "x" : 0,
                           "y" : 701,
                           "width" : 230,
                           "height" : 42
                        },
                        "children" : [],
                        "kind" : "group",
                        "imageType" : "png",
                        "image" : {
                           "path" : "images/45.png",
                           "frame" : {
                              "x" : 0,
                              "y" : 701,
                              "width" : 230,
                              "height" : 42
                           }
                        }
                     }
                  ],
                  "kind" : "group"
               },
               {
                  "objectId" : "44",
                  "name" : "Avatar",
                  "visible" : true,
                  "maskFrame" : null,
                  "layerFrame" : {
                     "x" : 72,
                     "y" : 43,
                     "width" : 106,
                     "height" : 138
                  },
                  "children" : [
                     {
                        "objectId" : "43",
                        "name" : "Name",
                        "visible" : true,
                        "maskFrame" : null,
                        "layerFrame" : {
                           "x" : 72,
                           "y" : 159,
                           "width" : 106,
                           "height" : 22
                        },
                        "children" : [],
                        "kind" : "group",
                        "imageType" : "png",
                        "image" : {
                           "path" : "images/43.png",
                           "frame" : {
                              "x" : 72,
                              "y" : 159,
                              "width" : 106,
                              "height" : 22
                           }
                        }
                     },
                     {
                        "objectId" : "42",
                        "name" : "Persona",
                        "visible" : true,
                        "maskFrame" : null,
                        "layerFrame" : {
                           "x" : 72,
                           "y" : 43,
                           "width" : 106,
                           "height" : 106
                        },
                        "children" : [],
                        "kind" : "group",
                        "imageType" : "png",
                        "image" : {
                           "path" : "images/42.png",
                           "frame" : {
                              "x" : 72,
                              "y" : 43,
                              "width" : 106,
                              "height" : 106
                           }
                        }
                     }
                  ],
                  "kind" : "group"
               },
               {
                  "objectId" : "41",
                  "name" : "SignOut",
                  "visible" : true,
                  "maskFrame" : null,
                  "layerFrame" : {
                     "x" : 72,
                     "y" : 191,
                     "width" : 106,
                     "height" : 24
                  },
                  "children" : [],
                  "kind" : "group",
                  "imageType" : "png",
                  "image" : {
                     "path" : "images/41.png",
                     "frame" : {
                        "x" : 72,
                        "y" : 191,
                        "width" : 106,
                        "height" : 24
                     }
                  }
               },
               {
                  "objectId" : "40",
                  "name" : "Notifications_3",
                  "visible" : true,
                  "maskFrame" : null,
                  "layerFrame" : {
                     "x" : 52,
                     "y" : 236,
                     "width" : 178,
                     "height" : 25
                  },
                  "children" : [],
                  "kind" : "group",
                  "imageType" : "png",
                  "image" : {
                     "path" : "images/40.png",
                     "frame" : {
                        "x" : 52,
                        "y" : 236,
                        "width" : 178,
                        "height" : 25
                     }
                  }
               },
               {
                  "objectId" : "39",
                  "name" : "Icons",
                  "visible" : true,
                  "maskFrame" : null,
                  "layerFrame" : {
                     "x" : 20,
                     "y" : 236,
                     "width" : 210,
                     "height" : 489
                  },
                  "children" : [
                     {
                        "objectId" : "38",
                        "name" : "Notifications_2",
                        "visible" : true,
                        "maskFrame" : null,
                        "layerFrame" : {
                           "x" : 206,
                           "y" : 236,
                           "width" : 24,
                           "height" : 24
                        },
                        "children" : [],
                        "kind" : "group",
                        "imageType" : "png",
                        "image" : {
                           "path" : "images/38.png",
                           "frame" : {
                              "x" : 206,
                              "y" : 236,
                              "width" : 24,
                              "height" : 24
                           }
                        }
                     },
                     {
                        "objectId" : "37",
                        "name" : "Home",
                        "visible" : true,
                        "maskFrame" : null,
                        "layerFrame" : {
                           "x" : 20,
                           "y" : 305,
                           "width" : 24,
                           "height" : 24
                        },
                        "children" : [],
                        "kind" : "group",
                        "imageType" : "png",
                        "image" : {
                           "path" : "images/37.png",
                           "frame" : {
                              "x" : 20,
                              "y" : 305,
                              "width" : 24,
                              "height" : 24
                           }
                        }
                     },
                     {
                        "objectId" : "36",
                        "name" : "Adjust_Bookings",
                        "visible" : true,
                        "maskFrame" : null,
                        "layerFrame" : {
                           "x" : 20,
                           "y" : 359,
                           "width" : 24,
                           "height" : 24
                        },
                        "children" : [],
                        "kind" : "group",
                        "imageType" : "png",
                        "image" : {
                           "path" : "images/36.png",
                           "frame" : {
                              "x" : 20,
                              "y" : 359,
                              "width" : 24,
                              "height" : 24
                           }
                        }
                     },
                     {
                        "objectId" : "35",
                        "name" : "Service_Robots",
                        "visible" : true,
                        "maskFrame" : null,
                        "layerFrame" : {
                           "x" : 20,
                           "y" : 413,
                           "width" : 24,
                           "height" : 24
                        },
                        "children" : [],
                        "kind" : "group",
                        "imageType" : "png",
                        "image" : {
                           "path" : "images/35.png",
                           "frame" : {
                              "x" : 20,
                              "y" : 413,
                              "width" : 24,
                              "height" : 24
                           }
                        }
                     },
                     {
                        "objectId" : "34",
                        "name" : "Contact",
                        "visible" : true,
                        "maskFrame" : null,
                        "layerFrame" : {
                           "x" : 20,
                           "y" : 467,
                           "width" : 24,
                           "height" : 24
                        },
                        "children" : [],
                        "kind" : "group",
                        "imageType" : "png",
                        "image" : {
                           "path" : "images/34.png",
                           "frame" : {
                              "x" : 20,
                              "y" : 467,
                              "width" : 24,
                              "height" : 24
                           }
                        }
                     },
                     {
                        "objectId" : "33",
                        "name" : "Infringements",
                        "visible" : true,
                        "maskFrame" : null,
                        "layerFrame" : {
                           "x" : 20,
                           "y" : 647,
                           "width" : 24,
                           "height" : 24
                        },
                        "children" : [],
                        "kind" : "group",
                        "imageType" : "png",
                        "image" : {
                           "path" : "images/33.png",
                           "frame" : {
                              "x" : 20,
                              "y" : 647,
                              "width" : 24,
                              "height" : 24
                           }
                        }
                     },
                     {
                        "objectId" : "32",
                        "name" : "Settings",
                        "visible" : true,
                        "maskFrame" : null,
                        "layerFrame" : {
                           "x" : 20,
                           "y" : 701,
                           "width" : 24,
                           "height" : 24
                        },
                        "children" : [],
                        "kind" : "group",
                        "imageType" : "png",
                        "image" : {
                           "path" : "images/32.png",
                           "frame" : {
                              "x" : 20,
                              "y" : 701,
                              "width" : 24,
                              "height" : 24
                           }
                        }
                     }
                  ],
                  "kind" : "group"
               },
               {
                  "objectId" : "31",
                  "name" : "Notifications_Select",
                  "visible" : true,
                  "maskFrame" : null,
                  "layerFrame" : {
                     "x" : 0,
                     "y" : 222,
                     "width" : 250,
                     "height" : 54
                  },
                  "children" : [],
                  "kind" : "group",
                  "imageType" : "png",
                  "image" : {
                     "path" : "images/31.png",
                     "frame" : {
                        "x" : 0,
                        "y" : 222,
                        "width" : 250,
                        "height" : 54
                     }
                  }
               },
               {
                  "objectId" : "30",
                  "name" : "Nav_BG",
                  "visible" : true,
                  "maskFrame" : null,
                  "layerFrame" : {
                     "x" : 0,
                     "y" : 0,
                     "width" : 250,
                     "height" : 1024
                  },
                  "children" : [],
                  "kind" : "group",
                  "imageType" : "png",
                  "image" : {
                     "path" : "images/30.png",
                     "frame" : {
                        "x" : 0,
                        "y" : 0,
                        "width" : 250,
                        "height" : 1024
                     }
                  }
               }
            ],
            "kind" : "group",
            "imageType" : "png",
            "image" : {
               "path" : "images/65.png",
               "frame" : {
                  "x" : 0,
                  "y" : 0,
                  "width" : 250,
                  "height" : 1024
               }
            }
         },
         {
            "objectId" : "29",
            "name" : "Content",
            "visible" : true,
            "maskFrame" : null,
            "layerFrame" : {
               "x" : 290,
               "y" : 40,
               "width" : 1110,
               "height" : 944
            },
            "children" : [
               {
                  "objectId" : "28",
                  "name" : "Notifications",
                  "visible" : true,
                  "maskFrame" : null,
                  "layerFrame" : {
                     "x" : 330,
                     "y" : 80,
                     "width" : 370,
                     "height" : 52
                  },
                  "children" : [],
                  "kind" : "group",
                  "imageType" : "png",
                  "image" : {
                     "path" : "images/28.png",
                     "frame" : {
                        "x" : 330,
                        "y" : 80,
                        "width" : 370,
                        "height" : 52
                     }
                  }
               },
               {
                  "objectId" : "27",
                  "name" : "Subject_Background",
                  "visible" : true,
                  "maskFrame" : null,
                  "layerFrame" : {
                     "x" : 329,
                     "y" : 151,
                     "width" : 1032,
                     "height" : 775
                  },
                  "children" : [],
                  "kind" : "group",
                  "imageType" : "png",
                  "image" : {
                     "path" : "images/27.png",
                     "frame" : {
                        "x" : 329,
                        "y" : 151,
                        "width" : 1032,
                        "height" : 775
                     }
                  }
               },
               {
                  "objectId" : "26",
                  "name" : "Notification1",
                  "visible" : true,
                  "maskFrame" : null,
                  "layerFrame" : {
                     "x" : 345,
                     "y" : 167,
                     "width" : 1012,
                     "height" : 247
                  },
                  "children" : [
                     {
                        "objectId" : "25",
                        "name" : "Confirm_3",
                        "visible" : true,
                        "maskFrame" : null,
                        "layerFrame" : {
                           "x" : 1189,
                           "y" : 363,
                           "width" : 87,
                           "height" : 51
                        },
                        "children" : [],
                        "kind" : "group",
                        "imageType" : "png",
                        "image" : {
                           "path" : "images/25.png",
                           "frame" : {
                              "x" : 1189,
                              "y" : 363,
                              "width" : 87,
                              "height" : 51
                           }
                        }
                     },
                     {
                        "objectId" : "24",
                        "name" : "Reject_3",
                        "visible" : true,
                        "maskFrame" : null,
                        "layerFrame" : {
                           "x" : 1270,
                           "y" : 363,
                           "width" : 87,
                           "height" : 51
                        },
                        "children" : [],
                        "kind" : "group",
                        "imageType" : "png",
                        "image" : {
                           "path" : "images/24.png",
                           "frame" : {
                              "x" : 1270,
                              "y" : 363,
                              "width" : 87,
                              "height" : 51
                           }
                        }
                     }
                  ],
                  "kind" : "group",
                  "imageType" : "png",
                  "image" : {
                     "path" : "images/26.png",
                     "frame" : {
                        "x" : 345,
                        "y" : 167,
                        "width" : 1012,
                        "height" : 247
                     }
                  }
               },
               {
                  "objectId" : "23",
                  "name" : "Border1",
                  "visible" : true,
                  "maskFrame" : null,
                  "layerFrame" : {
                     "x" : 330,
                     "y" : 410,
                     "width" : 1030,
                     "height" : 12
                  },
                  "children" : [],
                  "kind" : "group",
                  "imageType" : "png",
                  "image" : {
                     "path" : "images/23.png",
                     "frame" : {
                        "x" : 330,
                        "y" : 410,
                        "width" : 1030,
                        "height" : 12
                     }
                  }
               },
               {
                  "objectId" : "22",
                  "name" : "Notification2",
                  "visible" : true,
                  "maskFrame" : null,
                  "layerFrame" : {
                     "x" : 345,
                     "y" : 428,
                     "width" : 1012,
                     "height" : 247
                  },
                  "children" : [
                     {
                        "objectId" : "21",
                        "name" : "Confirm_2",
                        "visible" : true,
                        "maskFrame" : null,
                        "layerFrame" : {
                           "x" : 1189,
                           "y" : 624,
                           "width" : 87,
                           "height" : 51
                        },
                        "children" : [],
                        "kind" : "group",
                        "imageType" : "png",
                        "image" : {
                           "path" : "images/21.png",
                           "frame" : {
                              "x" : 1189,
                              "y" : 624,
                              "width" : 87,
                              "height" : 51
                           }
                        }
                     },
                     {
                        "objectId" : "20",
                        "name" : "Reject_2",
                        "visible" : true,
                        "maskFrame" : null,
                        "layerFrame" : {
                           "x" : 1270,
                           "y" : 624,
                           "width" : 87,
                           "height" : 51
                        },
                        "children" : [],
                        "kind" : "group",
                        "imageType" : "png",
                        "image" : {
                           "path" : "images/20.png",
                           "frame" : {
                              "x" : 1270,
                              "y" : 624,
                              "width" : 87,
                              "height" : 51
                           }
                        }
                     }
                  ],
                  "kind" : "group",
                  "imageType" : "png",
                  "image" : {
                     "path" : "images/22.png",
                     "frame" : {
                        "x" : 345,
                        "y" : 428,
                        "width" : 1012,
                        "height" : 247
                     }
                  }
               },
               {
                  "objectId" : "19",
                  "name" : "Border2",
                  "visible" : true,
                  "maskFrame" : null,
                  "layerFrame" : {
                     "x" : 330,
                     "y" : 668,
                     "width" : 1030,
                     "height" : 12
                  },
                  "children" : [],
                  "kind" : "group",
                  "imageType" : "png",
                  "image" : {
                     "path" : "images/19.png",
                     "frame" : {
                        "x" : 330,
                        "y" : 668,
                        "width" : 1030,
                        "height" : 12
                     }
                  }
               },
               {
                  "objectId" : "18",
                  "name" : "Notification3",
                  "visible" : true,
                  "maskFrame" : null,
                  "layerFrame" : {
                     "x" : 345,
                     "y" : 682,
                     "width" : 1012,
                     "height" : 247
                  },
                  "children" : [
                     {
                        "objectId" : "17",
                        "name" : "Confirm",
                        "visible" : true,
                        "maskFrame" : null,
                        "layerFrame" : {
                           "x" : 1189,
                           "y" : 878,
                           "width" : 87,
                           "height" : 51
                        },
                        "children" : [],
                        "kind" : "group",
                        "imageType" : "png",
                        "image" : {
                           "path" : "images/17.png",
                           "frame" : {
                              "x" : 1189,
                              "y" : 878,
                              "width" : 87,
                              "height" : 51
                           }
                        }
                     },
                     {
                        "objectId" : "16",
                        "name" : "Reject",
                        "visible" : true,
                        "maskFrame" : null,
                        "layerFrame" : {
                           "x" : 1270,
                           "y" : 878,
                           "width" : 87,
                           "height" : 51
                        },
                        "children" : [],
                        "kind" : "group",
                        "imageType" : "png",
                        "image" : {
                           "path" : "images/16.png",
                           "frame" : {
                              "x" : 1270,
                              "y" : 878,
                              "width" : 87,
                              "height" : 51
                           }
                        }
                     }
                  ],
                  "kind" : "group",
                  "imageType" : "png",
                  "image" : {
                     "path" : "images/18.png",
                     "frame" : {
                        "x" : 345,
                        "y" : 682,
                        "width" : 1012,
                        "height" : 247
                     }
                  }
               },
               {
                  "objectId" : "15",
                  "name" : "Pagination",
                  "visible" : true,
                  "maskFrame" : null,
                  "layerFrame" : {
                     "x" : 1121,
                     "y" : 944,
                     "width" : 235,
                     "height" : 39
                  },
                  "children" : [
                     {
                        "objectId" : "14",
                        "name" : "layer-1",
                        "visible" : true,
                        "maskFrame" : null,
                        "layerFrame" : {
                           "x" : 1139,
                           "y" : 950,
                           "width" : 9,
                           "height" : 33
                        },
                        "children" : [],
                        "kind" : "group",
                        "imageType" : "png",
                        "image" : {
                           "path" : "images/14.png",
                           "frame" : {
                              "x" : 1139,
                              "y" : 950,
                              "width" : 9,
                              "height" : 33
                           }
                        }
                     },
                     {
                        "objectId" : "13",
                        "name" : "layer-2",
                        "visible" : true,
                        "maskFrame" : null,
                        "layerFrame" : {
                           "x" : 1186,
                           "y" : 950,
                           "width" : 9,
                           "height" : 33
                        },
                        "children" : [],
                        "kind" : "group",
                        "imageType" : "png",
                        "image" : {
                           "path" : "images/13.png",
                           "frame" : {
                              "x" : 1186,
                              "y" : 950,
                              "width" : 9,
                              "height" : 33
                           }
                        }
                     },
                     {
                        "objectId" : "12",
                        "name" : "layer-2|3",
                        "visible" : true,
                        "maskFrame" : null,
                        "layerFrame" : {
                           "x" : 1212,
                           "y" : 944,
                           "width" : 4,
                           "height" : 30
                        },
                        "children" : [],
                        "kind" : "group",
                        "imageType" : "png",
                        "image" : {
                           "path" : "images/12.png",
                           "frame" : {
                              "x" : 1212,
                              "y" : 944,
                              "width" : 4,
                              "height" : 30
                           }
                        }
                     },
                     {
                        "objectId" : "11",
                        "name" : "Shade_2",
                        "visible" : true,
                        "maskFrame" : null,
                        "layerFrame" : {
                           "x" : 1167,
                           "y" : 945,
                           "width" : 48,
                           "height" : 29
                        },
                        "children" : [],
                        "kind" : "group",
                        "imageType" : "png",
                        "image" : {
                           "path" : "images/11.png",
                           "frame" : {
                              "x" : 1167,
                              "y" : 945,
                              "width" : 48,
                              "height" : 29
                           }
                        }
                     },
                     {
                        "objectId" : "10",
                        "name" : "layer-3",
                        "visible" : true,
                        "maskFrame" : null,
                        "layerFrame" : {
                           "x" : 1232,
                           "y" : 950,
                           "width" : 9,
                           "height" : 33
                        },
                        "children" : [],
                        "kind" : "group",
                        "imageType" : "png",
                        "image" : {
                           "path" : "images/10.png",
                           "frame" : {
                              "x" : 1232,
                              "y" : 950,
                              "width" : 9,
                              "height" : 33
                           }
                        }
                     },
                     {
                        "objectId" : "9",
                        "name" : "layer-3|4",
                        "visible" : true,
                        "maskFrame" : null,
                        "layerFrame" : {
                           "x" : 1258,
                           "y" : 944,
                           "width" : 4,
                           "height" : 30
                        },
                        "children" : [],
                        "kind" : "group",
                        "imageType" : "png",
                        "image" : {
                           "path" : "images/9.png",
                           "frame" : {
                              "x" : 1258,
                              "y" : 944,
                              "width" : 4,
                              "height" : 30
                           }
                        }
                     },
                     {
                        "objectId" : "8",
                        "name" : "Shade_3",
                        "visible" : true,
                        "maskFrame" : null,
                        "layerFrame" : {
                           "x" : 1213,
                           "y" : 945,
                           "width" : 48,
                           "height" : 29
                        },
                        "children" : [],
                        "kind" : "group",
                        "imageType" : "png",
                        "image" : {
                           "path" : "images/8.png",
                           "frame" : {
                              "x" : 1213,
                              "y" : 945,
                              "width" : 48,
                              "height" : 29
                           }
                        }
                     },
                     {
                        "objectId" : "7",
                        "name" : "layer-4",
                        "visible" : true,
                        "maskFrame" : null,
                        "layerFrame" : {
                           "x" : 1260,
                           "y" : 945,
                           "width" : 48,
                           "height" : 29
                        },
                        "children" : [],
                        "kind" : "group",
                        "imageType" : "png",
                        "image" : {
                           "path" : "images/7.png",
                           "frame" : {
                              "x" : 1260,
                              "y" : 945,
                              "width" : 48,
                              "height" : 29
                           }
                        }
                     },
                     {
                        "objectId" : "6",
                        "name" : "layer-4|5",
                        "visible" : true,
                        "maskFrame" : null,
                        "layerFrame" : {
                           "x" : 1305,
                           "y" : 944,
                           "width" : 4,
                           "height" : 30
                        },
                        "children" : [],
                        "kind" : "group",
                        "imageType" : "png",
                        "image" : {
                           "path" : "images/6.png",
                           "frame" : {
                              "x" : 1305,
                              "y" : 944,
                              "width" : 4,
                              "height" : 30
                           }
                        }
                     },
                     {
                        "objectId" : "5",
                        "name" : "Shade_4",
                        "visible" : true,
                        "maskFrame" : null,
                        "layerFrame" : {
                           "x" : 1260,
                           "y" : 945,
                           "width" : 48,
                           "height" : 29
                        },
                        "children" : [],
                        "kind" : "group",
                        "imageType" : "png",
                        "image" : {
                           "path" : "images/5.png",
                           "frame" : {
                              "x" : 1260,
                              "y" : 945,
                              "width" : 48,
                              "height" : 29
                           }
                        }
                     },
                     {
                        "objectId" : "4",
                        "name" : "layer-5",
                        "visible" : true,
                        "maskFrame" : null,
                        "layerFrame" : {
                           "x" : 1327,
                           "y" : 950,
                           "width" : 9,
                           "height" : 33
                        },
                        "children" : [],
                        "kind" : "group",
                        "imageType" : "png",
                        "image" : {
                           "path" : "images/4.png",
                           "frame" : {
                              "x" : 1327,
                              "y" : 950,
                              "width" : 9,
                              "height" : 33
                           }
                        }
                     },
                     {
                        "objectId" : "3",
                        "name" : "Shade_5",
                        "visible" : true,
                        "maskFrame" : null,
                        "layerFrame" : {
                           "x" : 1307,
                           "y" : 945,
                           "width" : 48,
                           "height" : 29
                        },
                        "children" : [],
                        "kind" : "group",
                        "imageType" : "png",
                        "image" : {
                           "path" : "images/3.png",
                           "frame" : {
                              "x" : 1307,
                              "y" : 945,
                              "width" : 48,
                              "height" : 29
                           }
                        }
                     },
                     {
                        "objectId" : "2",
                        "name" : "Backing",
                        "visible" : true,
                        "maskFrame" : null,
                        "layerFrame" : {
                           "x" : 1121,
                           "y" : 944,
                           "width" : 235,
                           "height" : 31
                        },
                        "children" : [],
                        "kind" : "group",
                        "imageType" : "png",
                        "image" : {
                           "path" : "images/2.png",
                           "frame" : {
                              "x" : 1121,
                              "y" : 944,
                              "width" : 235,
                              "height" : 31
                           }
                        }
                     }
                  ],
                  "kind" : "group"
               },
               {
                  "objectId" : "1",
                  "name" : "Notification_BG",
                  "visible" : true,
                  "maskFrame" : null,
                  "layerFrame" : {
                     "x" : 290,
                     "y" : 40,
                     "width" : 1110,
                     "height" : 944
                  },
                  "children" : [],
                  "kind" : "group",
                  "imageType" : "png",
                  "image" : {
                     "path" : "images/1.png",
                     "frame" : {
                        "x" : 290,
                        "y" : 40,
                        "width" : 1110,
                        "height" : 944
                     }
                  }
               }
            ],
            "kind" : "group"
         },
         {
            "objectId" : "0",
            "name" : "BG_Back",
            "visible" : true,
            "maskFrame" : null,
            "layerFrame" : {
               "x" : 250,
               "y" : 0,
               "width" : 1190,
               "height" : 1024
            },
            "children" : [],
            "kind" : "group",
            "imageType" : "png",
            "image" : {
               "path" : "images/0.png",
               "frame" : {
                  "x" : 250,
                  "y" : 0,
                  "width" : 1190,
                  "height" : 1024
               }
            }
         }
      ],
      "kind" : "artboard",
      "backgroundColor" : "rgba(1.00000, 1.00000, 1.00000, 1.00000)"
   }
]