[
   {
      "objectId" : "57",
      "name" : "Contact_Residents",
      "visible" : true,
      "maskFrame" : {
         "x" : -720,
         "y" : 5850,
         "width" : 1440,
         "height" : 1024
      },
      "layerFrame" : {
         "x" : -720,
         "y" : 5850,
         "width" : 1440,
         "height" : 1024
      },
      "children" : [
         {
            "objectId" : "56",
            "name" : "Nav_Side_Bar",
            "visible" : true,
            "maskFrame" : null,
            "layerFrame" : {
               "x" : 0,
               "y" : 0,
               "width" : 250,
               "height" : 1024
            },
            "children" : [
               {
                  "objectId" : "55",
                  "name" : "Icons",
                  "visible" : true,
                  "maskFrame" : null,
                  "layerFrame" : {
                     "x" : 20,
                     "y" : 236,
                     "width" : 210,
                     "height" : 489
                  },
                  "children" : [
                     {
                        "objectId" : "54",
                        "name" : "Notifications_2",
                        "visible" : true,
                        "maskFrame" : null,
                        "layerFrame" : {
                           "x" : 206,
                           "y" : 236,
                           "width" : 24,
                           "height" : 24
                        },
                        "children" : [],
                        "kind" : "group",
                        "imageType" : "png",
                        "image" : {
                           "path" : "images/54.png",
                           "frame" : {
                              "x" : 206,
                              "y" : 236,
                              "width" : 24,
                              "height" : 24
                           }
                        }
                     },
                     {
                        "objectId" : "53",
                        "name" : "Home_2",
                        "visible" : true,
                        "maskFrame" : null,
                        "layerFrame" : {
                           "x" : 20,
                           "y" : 305,
                           "width" : 24,
                           "height" : 24
                        },
                        "children" : [],
                        "kind" : "group",
                        "imageType" : "png",
                        "image" : {
                           "path" : "images/53.png",
                           "frame" : {
                              "x" : 20,
                              "y" : 305,
                              "width" : 24,
                              "height" : 24
                           }
                        }
                     },
                     {
                        "objectId" : "52",
                        "name" : "Adjust_Bookings",
                        "visible" : true,
                        "maskFrame" : null,
                        "layerFrame" : {
                           "x" : 20,
                           "y" : 359,
                           "width" : 24,
                           "height" : 24
                        },
                        "children" : [],
                        "kind" : "group",
                        "imageType" : "png",
                        "image" : {
                           "path" : "images/52.png",
                           "frame" : {
                              "x" : 20,
                              "y" : 359,
                              "width" : 24,
                              "height" : 24
                           }
                        }
                     },
                     {
                        "objectId" : "51",
                        "name" : "Service_Robots",
                        "visible" : true,
                        "maskFrame" : null,
                        "layerFrame" : {
                           "x" : 20,
                           "y" : 413,
                           "width" : 24,
                           "height" : 24
                        },
                        "children" : [],
                        "kind" : "group",
                        "imageType" : "png",
                        "image" : {
                           "path" : "images/51.png",
                           "frame" : {
                              "x" : 20,
                              "y" : 413,
                              "width" : 24,
                              "height" : 24
                           }
                        }
                     },
                     {
                        "objectId" : "50",
                        "name" : "Contact_2",
                        "visible" : true,
                        "maskFrame" : null,
                        "layerFrame" : {
                           "x" : 20,
                           "y" : 467,
                           "width" : 24,
                           "height" : 24
                        },
                        "children" : [],
                        "kind" : "group",
                        "imageType" : "png",
                        "image" : {
                           "path" : "images/50.png",
                           "frame" : {
                              "x" : 20,
                              "y" : 467,
                              "width" : 24,
                              "height" : 24
                           }
                        }
                     },
                     {
                        "objectId" : "49",
                        "name" : "Infringements_2",
                        "visible" : true,
                        "maskFrame" : null,
                        "layerFrame" : {
                           "x" : 20,
                           "y" : 647,
                           "width" : 24,
                           "height" : 24
                        },
                        "children" : [],
                        "kind" : "group",
                        "imageType" : "png",
                        "image" : {
                           "path" : "images/49.png",
                           "frame" : {
                              "x" : 20,
                              "y" : 647,
                              "width" : 24,
                              "height" : 24
                           }
                        }
                     },
                     {
                        "objectId" : "48",
                        "name" : "Settings_2",
                        "visible" : true,
                        "maskFrame" : null,
                        "layerFrame" : {
                           "x" : 20,
                           "y" : 701,
                           "width" : 24,
                           "height" : 24
                        },
                        "children" : [],
                        "kind" : "group",
                        "imageType" : "png",
                        "image" : {
                           "path" : "images/48.png",
                           "frame" : {
                              "x" : 20,
                              "y" : 701,
                              "width" : 24,
                              "height" : 24
                           }
                        }
                     }
                  ],
                  "kind" : "group"
               },
               {
                  "objectId" : "47",
                  "name" : "Options",
                  "visible" : true,
                  "maskFrame" : null,
                  "layerFrame" : {
                     "x" : 0,
                     "y" : 290,
                     "width" : 230,
                     "height" : 453
                  },
                  "children" : [
                     {
                        "objectId" : "46",
                        "name" : "Home",
                        "visible" : true,
                        "maskFrame" : null,
                        "layerFrame" : {
                           "x" : 0,
                           "y" : 290,
                           "width" : 230,
                           "height" : 57
                        },
                        "children" : [],
                        "kind" : "group",
                        "imageType" : "png",
                        "image" : {
                           "path" : "images/46.png",
                           "frame" : {
                              "x" : 0,
                              "y" : 290,
                              "width" : 230,
                              "height" : 57
                           }
                        }
                     },
                     {
                        "objectId" : "45",
                        "name" : "AdjustBookings",
                        "visible" : true,
                        "maskFrame" : null,
                        "layerFrame" : {
                           "x" : 0,
                           "y" : 359,
                           "width" : 230,
                           "height" : 42
                        },
                        "children" : [],
                        "kind" : "group",
                        "imageType" : "png",
                        "image" : {
                           "path" : "images/45.png",
                           "frame" : {
                              "x" : 0,
                              "y" : 359,
                              "width" : 230,
                              "height" : 42
                           }
                        }
                     },
                     {
                        "objectId" : "44",
                        "name" : "ServiceRobots",
                        "visible" : true,
                        "maskFrame" : null,
                        "layerFrame" : {
                           "x" : 0,
                           "y" : 413,
                           "width" : 230,
                           "height" : 42
                        },
                        "children" : [],
                        "kind" : "group",
                        "imageType" : "png",
                        "image" : {
                           "path" : "images/44.png",
                           "frame" : {
                              "x" : 0,
                              "y" : 413,
                              "width" : 230,
                              "height" : 42
                           }
                        }
                     },
                     {
                        "objectId" : "43",
                        "name" : "Contact",
                        "visible" : true,
                        "maskFrame" : null,
                        "layerFrame" : {
                           "x" : 0,
                           "y" : 467,
                           "width" : 230,
                           "height" : 167
                        },
                        "children" : [
                           {
                              "objectId" : "42",
                              "name" : "ContactTab",
                              "visible" : true,
                              "maskFrame" : null,
                              "layerFrame" : {
                                 "x" : 0,
                                 "y" : 468,
                                 "width" : 230,
                                 "height" : 40
                              },
                              "children" : [
                                 {
                                    "objectId" : "41",
                                    "name" : "ContactTabBorder",
                                    "visible" : true,
                                    "maskFrame" : null,
                                    "layerFrame" : {
                                       "x" : 0,
                                       "y" : 505,
                                       "width" : 230,
                                       "height" : 3
                                    },
                                    "children" : [],
                                    "kind" : "group",
                                    "imageType" : "png",
                                    "image" : {
                                       "path" : "images/41.png",
                                       "frame" : {
                                          "x" : 0,
                                          "y" : 505,
                                          "width" : 230,
                                          "height" : 3
                                       }
                                    }
                                 }
                              ],
                              "kind" : "group",
                              "imageType" : "png",
                              "image" : {
                                 "path" : "images/42.png",
                                 "frame" : {
                                    "x" : 0,
                                    "y" : 468,
                                    "width" : 230,
                                    "height" : 40
                                 }
                              }
                           },
                           {
                              "objectId" : "40",
                              "name" : "ArrowDrop",
                              "visible" : true,
                              "maskFrame" : null,
                              "layerFrame" : {
                                 "x" : 206,
                                 "y" : 467,
                                 "width" : 24,
                                 "height" : 24
                              },
                              "children" : [
                                 {
                                    "objectId" : "39",
                                    "name" : "Arrow",
                                    "visible" : true,
                                    "maskFrame" : null,
                                    "layerFrame" : {
                                       "x" : 206,
                                       "y" : 467,
                                       "width" : 24,
                                       "height" : 24
                                    },
                                    "children" : [],
                                    "kind" : "group",
                                    "imageType" : "png",
                                    "image" : {
                                       "path" : "images/39.png",
                                       "frame" : {
                                          "x" : 206,
                                          "y" : 467,
                                          "width" : 24,
                                          "height" : 24
                                       }
                                    }
                                 }
                              ],
                              "kind" : "group"
                           },
                           {
                              "objectId" : "38",
                              "name" : "ResidentTab",
                              "visible" : true,
                              "maskFrame" : null,
                              "layerFrame" : {
                                 "x" : 37,
                                 "y" : 506,
                                 "width" : 193,
                                 "height" : 44
                              },
                              "children" : [
                                 {
                                    "objectId" : "37",
                                    "name" : "ResidentBorder",
                                    "visible" : true,
                                    "maskFrame" : null,
                                    "layerFrame" : {
                                       "x" : 37,
                                       "y" : 547,
                                       "width" : 193,
                                       "height" : 3
                                    },
                                    "children" : [],
                                    "kind" : "group",
                                    "imageType" : "png",
                                    "image" : {
                                       "path" : "images/37.png",
                                       "frame" : {
                                          "x" : 37,
                                          "y" : 547,
                                          "width" : 193,
                                          "height" : 3
                                       }
                                    }
                                 },
                                 {
                                    "objectId" : "36",
                                    "name" : "Resident",
                                    "visible" : true,
                                    "maskFrame" : null,
                                    "layerFrame" : {
                                       "x" : 52,
                                       "y" : 506,
                                       "width" : 95,
                                       "height" : 42
                                    },
                                    "children" : [],
                                    "kind" : "group",
                                    "imageType" : "png",
                                    "image" : {
                                       "path" : "images/36.png",
                                       "frame" : {
                                          "x" : 52,
                                          "y" : 506,
                                          "width" : 95,
                                          "height" : 42
                                       }
                                    }
                                 }
                              ],
                              "kind" : "group"
                           },
                           {
                              "objectId" : "35",
                              "name" : "TechnicianTab",
                              "visible" : true,
                              "maskFrame" : null,
                              "layerFrame" : {
                                 "x" : 37,
                                 "y" : 548,
                                 "width" : 193,
                                 "height" : 44
                              },
                              "children" : [
                                 {
                                    "objectId" : "34",
                                    "name" : "TechnicianBorder",
                                    "visible" : true,
                                    "maskFrame" : null,
                                    "layerFrame" : {
                                       "x" : 37,
                                       "y" : 589,
                                       "width" : 193,
                                       "height" : 3
                                    },
                                    "children" : [],
                                    "kind" : "group",
                                    "imageType" : "png",
                                    "image" : {
                                       "path" : "images/34.png",
                                       "frame" : {
                                          "x" : 37,
                                          "y" : 589,
                                          "width" : 193,
                                          "height" : 3
                                       }
                                    }
                                 },
                                 {
                                    "objectId" : "33",
                                    "name" : "Technicians",
                                    "visible" : true,
                                    "maskFrame" : null,
                                    "layerFrame" : {
                                       "x" : 52,
                                       "y" : 548,
                                       "width" : 111,
                                       "height" : 42
                                    },
                                    "children" : [],
                                    "kind" : "group",
                                    "imageType" : "png",
                                    "image" : {
                                       "path" : "images/33.png",
                                       "frame" : {
                                          "x" : 52,
                                          "y" : 548,
                                          "width" : 111,
                                          "height" : 42
                                       }
                                    }
                                 }
                              ],
                              "kind" : "group"
                           },
                           {
                              "objectId" : "32",
                              "name" : "PoliceTab",
                              "visible" : true,
                              "maskFrame" : null,
                              "layerFrame" : {
                                 "x" : 37,
                                 "y" : 590,
                                 "width" : 193,
                                 "height" : 44
                              },
                              "children" : [
                                 {
                                    "objectId" : "31",
                                    "name" : "PoliceBorder",
                                    "visible" : true,
                                    "maskFrame" : null,
                                    "layerFrame" : {
                                       "x" : 37,
                                       "y" : 631,
                                       "width" : 193,
                                       "height" : 3
                                    },
                                    "children" : [],
                                    "kind" : "group",
                                    "imageType" : "png",
                                    "image" : {
                                       "path" : "images/31.png",
                                       "frame" : {
                                          "x" : 37,
                                          "y" : 631,
                                          "width" : 193,
                                          "height" : 3
                                       }
                                    }
                                 },
                                 {
                                    "objectId" : "30",
                                    "name" : "Police",
                                    "visible" : true,
                                    "maskFrame" : null,
                                    "layerFrame" : {
                                       "x" : 52,
                                       "y" : 590,
                                       "width" : 95,
                                       "height" : 42
                                    },
                                    "children" : [],
                                    "kind" : "group",
                                    "imageType" : "png",
                                    "image" : {
                                       "path" : "images/30.png",
                                       "frame" : {
                                          "x" : 52,
                                          "y" : 590,
                                          "width" : 95,
                                          "height" : 42
                                       }
                                    }
                                 }
                              ],
                              "kind" : "group"
                           }
                        ],
                        "kind" : "group"
                     },
                     {
                        "objectId" : "29",
                        "name" : "Infringements",
                        "visible" : true,
                        "maskFrame" : null,
                        "layerFrame" : {
                           "x" : 0,
                           "y" : 647,
                           "width" : 230,
                           "height" : 42
                        },
                        "children" : [],
                        "kind" : "group",
                        "imageType" : "png",
                        "image" : {
                           "path" : "images/29.png",
                           "frame" : {
                              "x" : 0,
                              "y" : 647,
                              "width" : 230,
                              "height" : 42
                           }
                        }
                     },
                     {
                        "objectId" : "28",
                        "name" : "Settings",
                        "visible" : true,
                        "maskFrame" : null,
                        "layerFrame" : {
                           "x" : 0,
                           "y" : 701,
                           "width" : 230,
                           "height" : 42
                        },
                        "children" : [],
                        "kind" : "group",
                        "imageType" : "png",
                        "image" : {
                           "path" : "images/28.png",
                           "frame" : {
                              "x" : 0,
                              "y" : 701,
                              "width" : 230,
                              "height" : 42
                           }
                        }
                     }
                  ],
                  "kind" : "group"
               },
               {
                  "objectId" : "27",
                  "name" : "AvatarContainer",
                  "visible" : true,
                  "maskFrame" : null,
                  "layerFrame" : {
                     "x" : 72,
                     "y" : 43,
                     "width" : 106,
                     "height" : 138
                  },
                  "children" : [
                     {
                        "objectId" : "26",
                        "name" : "Avatar_Placeholder",
                        "visible" : true,
                        "maskFrame" : null,
                        "layerFrame" : {
                           "x" : 72,
                           "y" : 43,
                           "width" : 106,
                           "height" : 106
                        },
                        "children" : [],
                        "kind" : "group",
                        "imageType" : "png",
                        "image" : {
                           "path" : "images/26.png",
                           "frame" : {
                              "x" : 72,
                              "y" : 43,
                              "width" : 106,
                              "height" : 106
                           }
                        }
                     }
                  ],
                  "kind" : "group",
                  "imageType" : "png",
                  "image" : {
                     "path" : "images/27.png",
                     "frame" : {
                        "x" : 72,
                        "y" : 43,
                        "width" : 106,
                        "height" : 138
                     }
                  }
               },
               {
                  "objectId" : "25",
                  "name" : "SignOut",
                  "visible" : true,
                  "maskFrame" : null,
                  "layerFrame" : {
                     "x" : 72,
                     "y" : 191,
                     "width" : 106,
                     "height" : 24
                  },
                  "children" : [],
                  "kind" : "group",
                  "imageType" : "png",
                  "image" : {
                     "path" : "images/25.png",
                     "frame" : {
                        "x" : 72,
                        "y" : 191,
                        "width" : 106,
                        "height" : 24
                     }
                  }
               },
               {
                  "objectId" : "24",
                  "name" : "Notifications",
                  "visible" : true,
                  "maskFrame" : null,
                  "layerFrame" : {
                     "x" : 52,
                     "y" : 236,
                     "width" : 178,
                     "height" : 25
                  },
                  "children" : [],
                  "kind" : "group",
                  "imageType" : "png",
                  "image" : {
                     "path" : "images/24.png",
                     "frame" : {
                        "x" : 52,
                        "y" : 236,
                        "width" : 178,
                        "height" : 25
                     }
                  }
               },
               {
                  "objectId" : "23",
                  "name" : "Standard_Chosen",
                  "visible" : true,
                  "maskFrame" : null,
                  "layerFrame" : {
                     "x" : 0,
                     "y" : 452,
                     "width" : 10,
                     "height" : 54
                  },
                  "children" : [],
                  "kind" : "group",
                  "imageType" : "png",
                  "image" : {
                     "path" : "images/23.png",
                     "frame" : {
                        "x" : 0,
                        "y" : 452,
                        "width" : 10,
                        "height" : 54
                     }
                  }
               },
               {
                  "objectId" : "22",
                  "name" : "Inner_Chosen",
                  "visible" : true,
                  "maskFrame" : null,
                  "layerFrame" : {
                     "x" : 37,
                     "y" : 506,
                     "width" : 10,
                     "height" : 42
                  },
                  "children" : [],
                  "kind" : "group",
                  "imageType" : "png",
                  "image" : {
                     "path" : "images/22.png",
                     "frame" : {
                        "x" : 37,
                        "y" : 506,
                        "width" : 10,
                        "height" : 42
                     }
                  }
               },
               {
                  "objectId" : "21",
                  "name" : "Nav_BG",
                  "visible" : true,
                  "maskFrame" : null,
                  "layerFrame" : {
                     "x" : 0,
                     "y" : 0,
                     "width" : 250,
                     "height" : 1024
                  },
                  "children" : [],
                  "kind" : "group",
                  "imageType" : "png",
                  "image" : {
                     "path" : "images/21.png",
                     "frame" : {
                        "x" : 0,
                        "y" : 0,
                        "width" : 250,
                        "height" : 1024
                     }
                  }
               }
            ],
            "kind" : "group",
            "imageType" : "png",
            "image" : {
               "path" : "images/56.png",
               "frame" : {
                  "x" : 0,
                  "y" : 0,
                  "width" : 250,
                  "height" : 1024
               }
            }
         },
         {
            "objectId" : "20",
            "name" : "Content",
            "visible" : true,
            "maskFrame" : null,
            "layerFrame" : {
               "x" : 290,
               "y" : 40,
               "width" : 1110,
               "height" : 917
            },
            "children" : [
               {
                  "objectId" : "19",
                  "name" : "ResidentMap",
                  "visible" : true,
                  "maskFrame" : null,
                  "layerFrame" : {
                     "x" : 290,
                     "y" : 40,
                     "width" : 1110,
                     "height" : 616
                  },
                  "children" : [
                     {
                        "objectId" : "18",
                        "name" : "MapContainer",
                        "visible" : true,
                        "maskFrame" : {
                           "x" : 290,
                           "y" : 40,
                           "width" : 1110,
                           "height" : 616
                        },
                        "layerFrame" : {
                           "x" : 290,
                           "y" : 40,
                           "width" : 1110,
                           "height" : 616
                        },
                        "children" : [],
                        "kind" : "group"
                     }
                  ],
                  "kind" : "group"
               },
               {
                  "objectId" : "17",
                  "name" : "ResidentTitle",
                  "visible" : true,
                  "maskFrame" : null,
                  "layerFrame" : {
                     "x" : 290,
                     "y" : 696,
                     "width" : 370,
                     "height" : 52
                  },
                  "children" : [],
                  "kind" : "group",
                  "imageType" : "png",
                  "image" : {
                     "path" : "images/17.png",
                     "frame" : {
                        "x" : 290,
                        "y" : 696,
                        "width" : 370,
                        "height" : 52
                     }
                  }
               },
               {
                  "objectId" : "16",
                  "name" : "Resident1",
                  "visible" : true,
                  "maskFrame" : null,
                  "layerFrame" : {
                     "x" : 290,
                     "y" : 768,
                     "width" : 867,
                     "height" : 57
                  },
                  "children" : [
                     {
                        "objectId" : "15",
                        "name" : "Contact1",
                        "visible" : true,
                        "maskFrame" : null,
                        "layerFrame" : {
                           "x" : 753,
                           "y" : 768,
                           "width" : 351,
                           "height" : 55
                        },
                        "children" : [
                           {
                              "objectId" : "14",
                              "name" : "Call_3",
                              "visible" : true,
                              "maskFrame" : null,
                              "layerFrame" : {
                                 "x" : 753,
                                 "y" : 768,
                                 "width" : 116,
                                 "height" : 55
                              },
                              "children" : [],
                              "kind" : "group",
                              "imageType" : "png",
                              "image" : {
                                 "path" : "images/14.png",
                                 "frame" : {
                                    "x" : 753,
                                    "y" : 768,
                                    "width" : 116,
                                    "height" : 55
                                 }
                              }
                           },
                           {
                              "objectId" : "13",
                              "name" : "SMS_3",
                              "visible" : true,
                              "maskFrame" : null,
                              "layerFrame" : {
                                 "x" : 870,
                                 "y" : 768,
                                 "width" : 117,
                                 "height" : 55
                              },
                              "children" : [],
                              "kind" : "group",
                              "imageType" : "png",
                              "image" : {
                                 "path" : "images/13.png",
                                 "frame" : {
                                    "x" : 870,
                                    "y" : 768,
                                    "width" : 117,
                                    "height" : 55
                                 }
                              }
                           },
                           {
                              "objectId" : "12",
                              "name" : "Mail_3",
                              "visible" : true,
                              "maskFrame" : null,
                              "layerFrame" : {
                                 "x" : 988,
                                 "y" : 768,
                                 "width" : 116,
                                 "height" : 55
                              },
                              "children" : [],
                              "kind" : "group",
                              "imageType" : "png",
                              "image" : {
                                 "path" : "images/12.png",
                                 "frame" : {
                                    "x" : 988,
                                    "y" : 768,
                                    "width" : 116,
                                    "height" : 55
                                 }
                              }
                           }
                        ],
                        "kind" : "group"
                     },
                     {
                        "objectId" : "11",
                        "name" : "Border1",
                        "visible" : true,
                        "maskFrame" : null,
                        "layerFrame" : {
                           "x" : 290,
                           "y" : 824,
                           "width" : 867,
                           "height" : 1
                        },
                        "children" : [],
                        "kind" : "group",
                        "imageType" : "png",
                        "image" : {
                           "path" : "images/11.png",
                           "frame" : {
                              "x" : 290,
                              "y" : 824,
                              "width" : 867,
                              "height" : 1
                           }
                        }
                     }
                  ],
                  "kind" : "group",
                  "imageType" : "png",
                  "image" : {
                     "path" : "images/16.png",
                     "frame" : {
                        "x" : 290,
                        "y" : 768,
                        "width" : 867,
                        "height" : 57
                     }
                  }
               },
               {
                  "objectId" : "10",
                  "name" : "Resident2",
                  "visible" : true,
                  "maskFrame" : null,
                  "layerFrame" : {
                     "x" : 290,
                     "y" : 835,
                     "width" : 867,
                     "height" : 57
                  },
                  "children" : [
                     {
                        "objectId" : "9",
                        "name" : "Contact2",
                        "visible" : true,
                        "maskFrame" : null,
                        "layerFrame" : {
                           "x" : 753,
                           "y" : 835,
                           "width" : 351,
                           "height" : 55
                        },
                        "children" : [
                           {
                              "objectId" : "8",
                              "name" : "Call_2",
                              "visible" : true,
                              "maskFrame" : null,
                              "layerFrame" : {
                                 "x" : 753,
                                 "y" : 835,
                                 "width" : 116,
                                 "height" : 55
                              },
                              "children" : [],
                              "kind" : "group",
                              "imageType" : "png",
                              "image" : {
                                 "path" : "images/8.png",
                                 "frame" : {
                                    "x" : 753,
                                    "y" : 835,
                                    "width" : 116,
                                    "height" : 55
                                 }
                              }
                           },
                           {
                              "objectId" : "7",
                              "name" : "SMS_2",
                              "visible" : true,
                              "maskFrame" : null,
                              "layerFrame" : {
                                 "x" : 870,
                                 "y" : 835,
                                 "width" : 117,
                                 "height" : 55
                              },
                              "children" : [],
                              "kind" : "group",
                              "imageType" : "png",
                              "image" : {
                                 "path" : "images/7.png",
                                 "frame" : {
                                    "x" : 870,
                                    "y" : 835,
                                    "width" : 117,
                                    "height" : 55
                                 }
                              }
                           },
                           {
                              "objectId" : "6",
                              "name" : "Mail_2",
                              "visible" : true,
                              "maskFrame" : null,
                              "layerFrame" : {
                                 "x" : 988,
                                 "y" : 835,
                                 "width" : 116,
                                 "height" : 55
                              },
                              "children" : [],
                              "kind" : "group",
                              "imageType" : "png",
                              "image" : {
                                 "path" : "images/6.png",
                                 "frame" : {
                                    "x" : 988,
                                    "y" : 835,
                                    "width" : 116,
                                    "height" : 55
                                 }
                              }
                           }
                        ],
                        "kind" : "group"
                     }
                  ],
                  "kind" : "group",
                  "imageType" : "png",
                  "image" : {
                     "path" : "images/10.png",
                     "frame" : {
                        "x" : 290,
                        "y" : 835,
                        "width" : 867,
                        "height" : 57
                     }
                  }
               },
               {
                  "objectId" : "5",
                  "name" : "Resident3",
                  "visible" : true,
                  "maskFrame" : null,
                  "layerFrame" : {
                     "x" : 290,
                     "y" : 902,
                     "width" : 814,
                     "height" : 55
                  },
                  "children" : [
                     {
                        "objectId" : "4",
                        "name" : "Contact3",
                        "visible" : true,
                        "maskFrame" : null,
                        "layerFrame" : {
                           "x" : 753,
                           "y" : 902,
                           "width" : 351,
                           "height" : 55
                        },
                        "children" : [
                           {
                              "objectId" : "3",
                              "name" : "Call",
                              "visible" : true,
                              "maskFrame" : null,
                              "layerFrame" : {
                                 "x" : 753,
                                 "y" : 902,
                                 "width" : 116,
                                 "height" : 55
                              },
                              "children" : [],
                              "kind" : "group",
                              "imageType" : "png",
                              "image" : {
                                 "path" : "images/3.png",
                                 "frame" : {
                                    "x" : 753,
                                    "y" : 902,
                                    "width" : 116,
                                    "height" : 55
                                 }
                              }
                           },
                           {
                              "objectId" : "2",
                              "name" : "SMS",
                              "visible" : true,
                              "maskFrame" : null,
                              "layerFrame" : {
                                 "x" : 870,
                                 "y" : 902,
                                 "width" : 117,
                                 "height" : 55
                              },
                              "children" : [],
                              "kind" : "group",
                              "imageType" : "png",
                              "image" : {
                                 "path" : "images/2.png",
                                 "frame" : {
                                    "x" : 870,
                                    "y" : 902,
                                    "width" : 117,
                                    "height" : 55
                                 }
                              }
                           },
                           {
                              "objectId" : "1",
                              "name" : "Mail",
                              "visible" : true,
                              "maskFrame" : null,
                              "layerFrame" : {
                                 "x" : 988,
                                 "y" : 902,
                                 "width" : 116,
                                 "height" : 55
                              },
                              "children" : [],
                              "kind" : "group",
                              "imageType" : "png",
                              "image" : {
                                 "path" : "images/1.png",
                                 "frame" : {
                                    "x" : 988,
                                    "y" : 902,
                                    "width" : 116,
                                    "height" : 55
                                 }
                              }
                           }
                        ],
                        "kind" : "group"
                     }
                  ],
                  "kind" : "group",
                  "imageType" : "png",
                  "image" : {
                     "path" : "images/5.png",
                     "frame" : {
                        "x" : 290,
                        "y" : 902,
                        "width" : 814,
                        "height" : 55
                     }
                  }
               }
            ],
            "kind" : "group"
         },
         {
            "objectId" : "0",
            "name" : "BG_Back",
            "visible" : true,
            "maskFrame" : null,
            "layerFrame" : {
               "x" : 250,
               "y" : 0,
               "width" : 1190,
               "height" : 1024
            },
            "children" : [],
            "kind" : "group",
            "imageType" : "png",
            "image" : {
               "path" : "images/0.png",
               "frame" : {
                  "x" : 250,
                  "y" : 0,
                  "width" : 1190,
                  "height" : 1024
               }
            }
         }
      ],
      "kind" : "artboard",
      "backgroundColor" : "rgba(1.00000, 1.00000, 1.00000, 1.00000)"
   }
]