[
   {
      "objectId" : "58",
      "name" : "Resolve_Infringement",
      "visible" : true,
      "maskFrame" : {
         "x" : 760,
         "y" : 7120,
         "width" : 1440,
         "height" : 1024
      },
      "layerFrame" : {
         "x" : 760,
         "y" : 7120,
         "width" : 1440,
         "height" : 1024
      },
      "children" : [
         {
            "objectId" : "57",
            "name" : "Nav_Side_Bar",
            "visible" : true,
            "maskFrame" : null,
            "layerFrame" : {
               "x" : 0,
               "y" : 0,
               "width" : 250,
               "height" : 1024
            },
            "children" : [
               {
                  "objectId" : "56",
                  "name" : "Icons",
                  "visible" : true,
                  "maskFrame" : null,
                  "layerFrame" : {
                     "x" : 20,
                     "y" : 236,
                     "width" : 210,
                     "height" : 489
                  },
                  "children" : [
                     {
                        "objectId" : "55",
                        "name" : "Notifications_2",
                        "visible" : true,
                        "maskFrame" : null,
                        "layerFrame" : {
                           "x" : 206,
                           "y" : 236,
                           "width" : 24,
                           "height" : 24
                        },
                        "children" : [],
                        "kind" : "group",
                        "imageType" : "png",
                        "image" : {
                           "path" : "images/55.png",
                           "frame" : {
                              "x" : 206,
                              "y" : 236,
                              "width" : 24,
                              "height" : 24
                           }
                        }
                     },
                     {
                        "objectId" : "54",
                        "name" : "Home_2",
                        "visible" : true,
                        "maskFrame" : null,
                        "layerFrame" : {
                           "x" : 20,
                           "y" : 305,
                           "width" : 24,
                           "height" : 24
                        },
                        "children" : [],
                        "kind" : "group",
                        "imageType" : "png",
                        "image" : {
                           "path" : "images/54.png",
                           "frame" : {
                              "x" : 20,
                              "y" : 305,
                              "width" : 24,
                              "height" : 24
                           }
                        }
                     },
                     {
                        "objectId" : "53",
                        "name" : "Adjust_Bookings",
                        "visible" : true,
                        "maskFrame" : null,
                        "layerFrame" : {
                           "x" : 20,
                           "y" : 359,
                           "width" : 24,
                           "height" : 24
                        },
                        "children" : [],
                        "kind" : "group",
                        "imageType" : "png",
                        "image" : {
                           "path" : "images/53.png",
                           "frame" : {
                              "x" : 20,
                              "y" : 359,
                              "width" : 24,
                              "height" : 24
                           }
                        }
                     },
                     {
                        "objectId" : "52",
                        "name" : "Service_Robots",
                        "visible" : true,
                        "maskFrame" : null,
                        "layerFrame" : {
                           "x" : 20,
                           "y" : 413,
                           "width" : 24,
                           "height" : 24
                        },
                        "children" : [],
                        "kind" : "group",
                        "imageType" : "png",
                        "image" : {
                           "path" : "images/52.png",
                           "frame" : {
                              "x" : 20,
                              "y" : 413,
                              "width" : 24,
                              "height" : 24
                           }
                        }
                     },
                     {
                        "objectId" : "51",
                        "name" : "Contact_2",
                        "visible" : true,
                        "maskFrame" : null,
                        "layerFrame" : {
                           "x" : 20,
                           "y" : 467,
                           "width" : 24,
                           "height" : 24
                        },
                        "children" : [],
                        "kind" : "group",
                        "imageType" : "png",
                        "image" : {
                           "path" : "images/51.png",
                           "frame" : {
                              "x" : 20,
                              "y" : 467,
                              "width" : 24,
                              "height" : 24
                           }
                        }
                     },
                     {
                        "objectId" : "50",
                        "name" : "Infringements_2",
                        "visible" : true,
                        "maskFrame" : null,
                        "layerFrame" : {
                           "x" : 20,
                           "y" : 647,
                           "width" : 24,
                           "height" : 24
                        },
                        "children" : [],
                        "kind" : "group",
                        "imageType" : "png",
                        "image" : {
                           "path" : "images/50.png",
                           "frame" : {
                              "x" : 20,
                              "y" : 647,
                              "width" : 24,
                              "height" : 24
                           }
                        }
                     },
                     {
                        "objectId" : "49",
                        "name" : "Settings_2",
                        "visible" : true,
                        "maskFrame" : null,
                        "layerFrame" : {
                           "x" : 20,
                           "y" : 701,
                           "width" : 24,
                           "height" : 24
                        },
                        "children" : [],
                        "kind" : "group",
                        "imageType" : "png",
                        "image" : {
                           "path" : "images/49.png",
                           "frame" : {
                              "x" : 20,
                              "y" : 701,
                              "width" : 24,
                              "height" : 24
                           }
                        }
                     }
                  ],
                  "kind" : "group"
               },
               {
                  "objectId" : "48",
                  "name" : "Options",
                  "visible" : true,
                  "maskFrame" : null,
                  "layerFrame" : {
                     "x" : 0,
                     "y" : 290,
                     "width" : 230,
                     "height" : 453
                  },
                  "children" : [
                     {
                        "objectId" : "47",
                        "name" : "Home",
                        "visible" : true,
                        "maskFrame" : null,
                        "layerFrame" : {
                           "x" : 0,
                           "y" : 290,
                           "width" : 230,
                           "height" : 57
                        },
                        "children" : [],
                        "kind" : "group",
                        "imageType" : "png",
                        "image" : {
                           "path" : "images/47.png",
                           "frame" : {
                              "x" : 0,
                              "y" : 290,
                              "width" : 230,
                              "height" : 57
                           }
                        }
                     },
                     {
                        "objectId" : "46",
                        "name" : "AdjustBookings",
                        "visible" : true,
                        "maskFrame" : null,
                        "layerFrame" : {
                           "x" : 0,
                           "y" : 359,
                           "width" : 230,
                           "height" : 42
                        },
                        "children" : [],
                        "kind" : "group",
                        "imageType" : "png",
                        "image" : {
                           "path" : "images/46.png",
                           "frame" : {
                              "x" : 0,
                              "y" : 359,
                              "width" : 230,
                              "height" : 42
                           }
                        }
                     },
                     {
                        "objectId" : "45",
                        "name" : "ServiceRobots",
                        "visible" : true,
                        "maskFrame" : null,
                        "layerFrame" : {
                           "x" : 0,
                           "y" : 413,
                           "width" : 230,
                           "height" : 42
                        },
                        "children" : [],
                        "kind" : "group",
                        "imageType" : "png",
                        "image" : {
                           "path" : "images/45.png",
                           "frame" : {
                              "x" : 0,
                              "y" : 413,
                              "width" : 230,
                              "height" : 42
                           }
                        }
                     },
                     {
                        "objectId" : "44",
                        "name" : "Contact",
                        "visible" : true,
                        "maskFrame" : null,
                        "layerFrame" : {
                           "x" : 0,
                           "y" : 467,
                           "width" : 230,
                           "height" : 167
                        },
                        "children" : [
                           {
                              "objectId" : "43",
                              "name" : "ContactTab",
                              "visible" : true,
                              "maskFrame" : null,
                              "layerFrame" : {
                                 "x" : 0,
                                 "y" : 468,
                                 "width" : 230,
                                 "height" : 40
                              },
                              "children" : [
                                 {
                                    "objectId" : "42",
                                    "name" : "ContactTabBorder",
                                    "visible" : true,
                                    "maskFrame" : null,
                                    "layerFrame" : {
                                       "x" : 0,
                                       "y" : 505,
                                       "width" : 230,
                                       "height" : 3
                                    },
                                    "children" : [],
                                    "kind" : "group",
                                    "imageType" : "png",
                                    "image" : {
                                       "path" : "images/42.png",
                                       "frame" : {
                                          "x" : 0,
                                          "y" : 505,
                                          "width" : 230,
                                          "height" : 3
                                       }
                                    }
                                 }
                              ],
                              "kind" : "group",
                              "imageType" : "png",
                              "image" : {
                                 "path" : "images/43.png",
                                 "frame" : {
                                    "x" : 0,
                                    "y" : 468,
                                    "width" : 230,
                                    "height" : 40
                                 }
                              }
                           },
                           {
                              "objectId" : "41",
                              "name" : "ArrowDrop",
                              "visible" : true,
                              "maskFrame" : null,
                              "layerFrame" : {
                                 "x" : 206,
                                 "y" : 467,
                                 "width" : 24,
                                 "height" : 24
                              },
                              "children" : [
                                 {
                                    "objectId" : "40",
                                    "name" : "Arrow",
                                    "visible" : true,
                                    "maskFrame" : null,
                                    "layerFrame" : {
                                       "x" : 206,
                                       "y" : 467,
                                       "width" : 24,
                                       "height" : 24
                                    },
                                    "children" : [],
                                    "kind" : "group",
                                    "imageType" : "png",
                                    "image" : {
                                       "path" : "images/40.png",
                                       "frame" : {
                                          "x" : 206,
                                          "y" : 467,
                                          "width" : 24,
                                          "height" : 24
                                       }
                                    }
                                 }
                              ],
                              "kind" : "group"
                           },
                           {
                              "objectId" : "39",
                              "name" : "ResidentTab",
                              "visible" : true,
                              "maskFrame" : null,
                              "layerFrame" : {
                                 "x" : 37,
                                 "y" : 506,
                                 "width" : 193,
                                 "height" : 44
                              },
                              "children" : [
                                 {
                                    "objectId" : "38",
                                    "name" : "ResidentBorder",
                                    "visible" : true,
                                    "maskFrame" : null,
                                    "layerFrame" : {
                                       "x" : 37,
                                       "y" : 547,
                                       "width" : 193,
                                       "height" : 3
                                    },
                                    "children" : [],
                                    "kind" : "group",
                                    "imageType" : "png",
                                    "image" : {
                                       "path" : "images/38.png",
                                       "frame" : {
                                          "x" : 37,
                                          "y" : 547,
                                          "width" : 193,
                                          "height" : 3
                                       }
                                    }
                                 },
                                 {
                                    "objectId" : "37",
                                    "name" : "Resident",
                                    "visible" : true,
                                    "maskFrame" : null,
                                    "layerFrame" : {
                                       "x" : 52,
                                       "y" : 506,
                                       "width" : 95,
                                       "height" : 42
                                    },
                                    "children" : [],
                                    "kind" : "group",
                                    "imageType" : "png",
                                    "image" : {
                                       "path" : "images/37.png",
                                       "frame" : {
                                          "x" : 52,
                                          "y" : 506,
                                          "width" : 95,
                                          "height" : 42
                                       }
                                    }
                                 }
                              ],
                              "kind" : "group"
                           },
                           {
                              "objectId" : "36",
                              "name" : "TechnicianTab",
                              "visible" : true,
                              "maskFrame" : null,
                              "layerFrame" : {
                                 "x" : 37,
                                 "y" : 548,
                                 "width" : 193,
                                 "height" : 44
                              },
                              "children" : [
                                 {
                                    "objectId" : "35",
                                    "name" : "TechnicianBorder",
                                    "visible" : true,
                                    "maskFrame" : null,
                                    "layerFrame" : {
                                       "x" : 37,
                                       "y" : 589,
                                       "width" : 193,
                                       "height" : 3
                                    },
                                    "children" : [],
                                    "kind" : "group",
                                    "imageType" : "png",
                                    "image" : {
                                       "path" : "images/35.png",
                                       "frame" : {
                                          "x" : 37,
                                          "y" : 589,
                                          "width" : 193,
                                          "height" : 3
                                       }
                                    }
                                 },
                                 {
                                    "objectId" : "34",
                                    "name" : "Technicians",
                                    "visible" : true,
                                    "maskFrame" : null,
                                    "layerFrame" : {
                                       "x" : 52,
                                       "y" : 548,
                                       "width" : 111,
                                       "height" : 42
                                    },
                                    "children" : [],
                                    "kind" : "group",
                                    "imageType" : "png",
                                    "image" : {
                                       "path" : "images/34.png",
                                       "frame" : {
                                          "x" : 52,
                                          "y" : 548,
                                          "width" : 111,
                                          "height" : 42
                                       }
                                    }
                                 }
                              ],
                              "kind" : "group"
                           },
                           {
                              "objectId" : "33",
                              "name" : "PoliceTab",
                              "visible" : true,
                              "maskFrame" : null,
                              "layerFrame" : {
                                 "x" : 37,
                                 "y" : 590,
                                 "width" : 193,
                                 "height" : 44
                              },
                              "children" : [
                                 {
                                    "objectId" : "32",
                                    "name" : "PoliceBorder",
                                    "visible" : true,
                                    "maskFrame" : null,
                                    "layerFrame" : {
                                       "x" : 37,
                                       "y" : 631,
                                       "width" : 193,
                                       "height" : 3
                                    },
                                    "children" : [],
                                    "kind" : "group",
                                    "imageType" : "png",
                                    "image" : {
                                       "path" : "images/32.png",
                                       "frame" : {
                                          "x" : 37,
                                          "y" : 631,
                                          "width" : 193,
                                          "height" : 3
                                       }
                                    }
                                 },
                                 {
                                    "objectId" : "31",
                                    "name" : "Police",
                                    "visible" : true,
                                    "maskFrame" : null,
                                    "layerFrame" : {
                                       "x" : 52,
                                       "y" : 590,
                                       "width" : 95,
                                       "height" : 42
                                    },
                                    "children" : [],
                                    "kind" : "group",
                                    "imageType" : "png",
                                    "image" : {
                                       "path" : "images/31.png",
                                       "frame" : {
                                          "x" : 52,
                                          "y" : 590,
                                          "width" : 95,
                                          "height" : 42
                                       }
                                    }
                                 }
                              ],
                              "kind" : "group"
                           }
                        ],
                        "kind" : "group"
                     },
                     {
                        "objectId" : "30",
                        "name" : "Infringements",
                        "visible" : true,
                        "maskFrame" : null,
                        "layerFrame" : {
                           "x" : 0,
                           "y" : 647,
                           "width" : 230,
                           "height" : 42
                        },
                        "children" : [],
                        "kind" : "group",
                        "imageType" : "png",
                        "image" : {
                           "path" : "images/30.png",
                           "frame" : {
                              "x" : 0,
                              "y" : 647,
                              "width" : 230,
                              "height" : 42
                           }
                        }
                     },
                     {
                        "objectId" : "29",
                        "name" : "Settings",
                        "visible" : true,
                        "maskFrame" : null,
                        "layerFrame" : {
                           "x" : 0,
                           "y" : 701,
                           "width" : 230,
                           "height" : 42
                        },
                        "children" : [],
                        "kind" : "group",
                        "imageType" : "png",
                        "image" : {
                           "path" : "images/29.png",
                           "frame" : {
                              "x" : 0,
                              "y" : 701,
                              "width" : 230,
                              "height" : 42
                           }
                        }
                     }
                  ],
                  "kind" : "group"
               },
               {
                  "objectId" : "28",
                  "name" : "Avatar_Container",
                  "visible" : true,
                  "maskFrame" : null,
                  "layerFrame" : {
                     "x" : 72,
                     "y" : 43,
                     "width" : 106,
                     "height" : 138
                  },
                  "children" : [
                     {
                        "objectId" : "27",
                        "name" : "Avatar_Placeholder",
                        "visible" : true,
                        "maskFrame" : null,
                        "layerFrame" : {
                           "x" : 72,
                           "y" : 43,
                           "width" : 106,
                           "height" : 106
                        },
                        "children" : [],
                        "kind" : "group",
                        "imageType" : "png",
                        "image" : {
                           "path" : "images/27.png",
                           "frame" : {
                              "x" : 72,
                              "y" : 43,
                              "width" : 106,
                              "height" : 106
                           }
                        }
                     }
                  ],
                  "kind" : "group",
                  "imageType" : "png",
                  "image" : {
                     "path" : "images/28.png",
                     "frame" : {
                        "x" : 72,
                        "y" : 43,
                        "width" : 106,
                        "height" : 138
                     }
                  }
               },
               {
                  "objectId" : "26",
                  "name" : "SignOut",
                  "visible" : true,
                  "maskFrame" : null,
                  "layerFrame" : {
                     "x" : 72,
                     "y" : 191,
                     "width" : 106,
                     "height" : 24
                  },
                  "children" : [],
                  "kind" : "group",
                  "imageType" : "png",
                  "image" : {
                     "path" : "images/26.png",
                     "frame" : {
                        "x" : 72,
                        "y" : 191,
                        "width" : 106,
                        "height" : 24
                     }
                  }
               },
               {
                  "objectId" : "25",
                  "name" : "Notifications",
                  "visible" : true,
                  "maskFrame" : null,
                  "layerFrame" : {
                     "x" : 52,
                     "y" : 236,
                     "width" : 178,
                     "height" : 25
                  },
                  "children" : [],
                  "kind" : "group",
                  "imageType" : "png",
                  "image" : {
                     "path" : "images/25.png",
                     "frame" : {
                        "x" : 52,
                        "y" : 236,
                        "width" : 178,
                        "height" : 25
                     }
                  }
               },
               {
                  "objectId" : "24",
                  "name" : "Chosen_Bar",
                  "visible" : true,
                  "maskFrame" : null,
                  "layerFrame" : {
                     "x" : 0,
                     "y" : 630,
                     "width" : 10,
                     "height" : 54
                  },
                  "children" : [],
                  "kind" : "group",
                  "imageType" : "png",
                  "image" : {
                     "path" : "images/24.png",
                     "frame" : {
                        "x" : 0,
                        "y" : 630,
                        "width" : 10,
                        "height" : 54
                     }
                  }
               },
               {
                  "objectId" : "23",
                  "name" : "Nav_BG",
                  "visible" : true,
                  "maskFrame" : null,
                  "layerFrame" : {
                     "x" : 0,
                     "y" : 0,
                     "width" : 250,
                     "height" : 1024
                  },
                  "children" : [],
                  "kind" : "group",
                  "imageType" : "png",
                  "image" : {
                     "path" : "images/23.png",
                     "frame" : {
                        "x" : 0,
                        "y" : 0,
                        "width" : 250,
                        "height" : 1024
                     }
                  }
               }
            ],
            "kind" : "group",
            "imageType" : "png",
            "image" : {
               "path" : "images/57.png",
               "frame" : {
                  "x" : 0,
                  "y" : 0,
                  "width" : 250,
                  "height" : 1024
               }
            }
         },
         {
            "objectId" : "22",
            "name" : "Content",
            "visible" : true,
            "maskFrame" : null,
            "layerFrame" : {
               "x" : 290,
               "y" : 69,
               "width" : 898,
               "height" : 886
            },
            "children" : [
               {
                  "objectId" : "21",
                  "name" : "Back",
                  "visible" : true,
                  "maskFrame" : null,
                  "layerFrame" : {
                     "x" : 290,
                     "y" : 80,
                     "width" : 119,
                     "height" : 60
                  },
                  "children" : [],
                  "kind" : "group",
                  "imageType" : "png",
                  "image" : {
                     "path" : "images/21.png",
                     "frame" : {
                        "x" : 290,
                        "y" : 80,
                        "width" : 119,
                        "height" : 60
                     }
                  }
               },
               {
                  "objectId" : "20",
                  "name" : "DescBox",
                  "visible" : true,
                  "maskFrame" : null,
                  "layerFrame" : {
                     "x" : 611,
                     "y" : 69,
                     "width" : 492,
                     "height" : 142
                  },
                  "children" : [
                     {
                        "objectId" : "19",
                        "name" : "Description_Info",
                        "visible" : true,
                        "maskFrame" : null,
                        "layerFrame" : {
                           "x" : 788,
                           "y" : 69,
                           "width" : 315,
                           "height" : 142
                        },
                        "children" : [],
                        "kind" : "group",
                        "imageType" : "png",
                        "image" : {
                           "path" : "images/19.png",
                           "frame" : {
                              "x" : 788,
                              "y" : 69,
                              "width" : 315,
                              "height" : 142
                           }
                        }
                     }
                  ],
                  "kind" : "group",
                  "imageType" : "png",
                  "image" : {
                     "path" : "images/20.png",
                     "frame" : {
                        "x" : 611,
                        "y" : 69,
                        "width" : 492,
                        "height" : 142
                     }
                  }
               },
               {
                  "objectId" : "18",
                  "name" : "DateBox",
                  "visible" : true,
                  "maskFrame" : null,
                  "layerFrame" : {
                     "x" : 707,
                     "y" : 290,
                     "width" : 386,
                     "height" : 48
                  },
                  "children" : [
                     {
                        "objectId" : "17",
                        "name" : "Date_Info",
                        "visible" : true,
                        "maskFrame" : null,
                        "layerFrame" : {
                           "x" : 788,
                           "y" : 290,
                           "width" : 305,
                           "height" : 48
                        },
                        "children" : [],
                        "kind" : "group",
                        "imageType" : "png",
                        "image" : {
                           "path" : "images/17.png",
                           "frame" : {
                              "x" : 788,
                              "y" : 290,
                              "width" : 305,
                              "height" : 48
                           }
                        }
                     }
                  ],
                  "kind" : "group",
                  "imageType" : "png",
                  "image" : {
                     "path" : "images/18.png",
                     "frame" : {
                        "x" : 707,
                        "y" : 290,
                        "width" : 386,
                        "height" : 48
                     }
                  }
               },
               {
                  "objectId" : "16",
                  "name" : "TimeBox",
                  "visible" : true,
                  "maskFrame" : null,
                  "layerFrame" : {
                     "x" : 701,
                     "y" : 417,
                     "width" : 392,
                     "height" : 48
                  },
                  "children" : [
                     {
                        "objectId" : "15",
                        "name" : "Time_Info",
                        "visible" : true,
                        "maskFrame" : null,
                        "layerFrame" : {
                           "x" : 788,
                           "y" : 417,
                           "width" : 305,
                           "height" : 48
                        },
                        "children" : [],
                        "kind" : "group",
                        "imageType" : "png",
                        "image" : {
                           "path" : "images/15.png",
                           "frame" : {
                              "x" : 788,
                              "y" : 417,
                              "width" : 305,
                              "height" : 48
                           }
                        }
                     }
                  ],
                  "kind" : "group",
                  "imageType" : "png",
                  "image" : {
                     "path" : "images/16.png",
                     "frame" : {
                        "x" : 701,
                        "y" : 417,
                        "width" : 392,
                        "height" : 48
                     }
                  }
               },
               {
                  "objectId" : "14",
                  "name" : "AttachmentsBox",
                  "visible" : true,
                  "maskFrame" : null,
                  "layerFrame" : {
                     "x" : 590,
                     "y" : 544,
                     "width" : 598,
                     "height" : 142
                  },
                  "children" : [
                     {
                        "objectId" : "13",
                        "name" : "Attachments",
                        "visible" : true,
                        "maskFrame" : null,
                        "layerFrame" : {
                           "x" : 788,
                           "y" : 544,
                           "width" : 400,
                           "height" : 142
                        },
                        "children" : [
                           {
                              "objectId" : "12",
                              "name" : "layer-1",
                              "visible" : true,
                              "maskFrame" : null,
                              "layerFrame" : {
                                 "x" : 788,
                                 "y" : 544,
                                 "width" : 147,
                                 "height" : 142
                              },
                              "children" : [
                                 {
                                    "objectId" : "11",
                                    "name" : "Video",
                                    "visible" : true,
                                    "maskFrame" : null,
                                    "layerFrame" : {
                                       "x" : 847,
                                       "y" : 594,
                                       "width" : 30,
                                       "height" : 42
                                    },
                                    "children" : [],
                                    "kind" : "group",
                                    "imageType" : "png",
                                    "image" : {
                                       "path" : "images/11.png",
                                       "frame" : {
                                          "x" : 847,
                                          "y" : 594,
                                          "width" : 30,
                                          "height" : 42
                                       }
                                    }
                                 }
                              ],
                              "kind" : "group",
                              "imageType" : "png",
                              "image" : {
                                 "path" : "images/12.png",
                                 "frame" : {
                                    "x" : 788,
                                    "y" : 544,
                                    "width" : 147,
                                    "height" : 142
                                 }
                              }
                           },
                           {
                              "objectId" : "10",
                              "name" : "layer-2",
                              "visible" : true,
                              "maskFrame" : null,
                              "layerFrame" : {
                                 "x" : 940,
                                 "y" : 544,
                                 "width" : 147,
                                 "height" : 142
                              },
                              "children" : [
                                 {
                                    "objectId" : "9",
                                    "name" : "Image_2",
                                    "visible" : true,
                                    "maskFrame" : null,
                                    "layerFrame" : {
                                       "x" : 976,
                                       "y" : 586,
                                       "width" : 74,
                                       "height" : 57
                                    },
                                    "children" : [],
                                    "kind" : "group",
                                    "imageType" : "png",
                                    "image" : {
                                       "path" : "images/9.png",
                                       "frame" : {
                                          "x" : 976,
                                          "y" : 586,
                                          "width" : 74,
                                          "height" : 57
                                       }
                                    }
                                 }
                              ],
                              "kind" : "group",
                              "imageType" : "png",
                              "image" : {
                                 "path" : "images/10.png",
                                 "frame" : {
                                    "x" : 940,
                                    "y" : 544,
                                    "width" : 147,
                                    "height" : 142
                                 }
                              }
                           },
                           {
                              "objectId" : "8",
                              "name" : "layer-3",
                              "visible" : true,
                              "maskFrame" : null,
                              "layerFrame" : {
                                 "x" : 1092,
                                 "y" : 544,
                                 "width" : 96,
                                 "height" : 142
                              },
                              "children" : [
                                 {
                                    "objectId" : "7",
                                    "name" : "Image",
                                    "visible" : true,
                                    "maskFrame" : null,
                                    "layerFrame" : {
                                       "x" : 1110,
                                       "y" : 586,
                                       "width" : 60,
                                       "height" : 58
                                    },
                                    "children" : [],
                                    "kind" : "group",
                                    "imageType" : "png",
                                    "image" : {
                                       "path" : "images/7.png",
                                       "frame" : {
                                          "x" : 1110,
                                          "y" : 586,
                                          "width" : 60,
                                          "height" : 58
                                       }
                                    }
                                 }
                              ],
                              "kind" : "group",
                              "imageType" : "png",
                              "image" : {
                                 "path" : "images/8.png",
                                 "frame" : {
                                    "x" : 1092,
                                    "y" : 544,
                                    "width" : 96,
                                    "height" : 142
                                 }
                              }
                           }
                        ],
                        "kind" : "group"
                     }
                  ],
                  "kind" : "group",
                  "imageType" : "png",
                  "image" : {
                     "path" : "images/14.png",
                     "frame" : {
                        "x" : 590,
                        "y" : 544,
                        "width" : 598,
                        "height" : 142
                     }
                  }
               },
               {
                  "objectId" : "6",
                  "name" : "ContactBox",
                  "visible" : true,
                  "maskFrame" : null,
                  "layerFrame" : {
                     "x" : 499,
                     "y" : 765,
                     "width" : 638,
                     "height" : 56
                  },
                  "children" : [
                     {
                        "objectId" : "5",
                        "name" : "Call",
                        "visible" : true,
                        "maskFrame" : null,
                        "layerFrame" : {
                           "x" : 786,
                           "y" : 765,
                           "width" : 116,
                           "height" : 56
                        },
                        "children" : [],
                        "kind" : "group",
                        "imageType" : "png",
                        "image" : {
                           "path" : "images/5.png",
                           "frame" : {
                              "x" : 786,
                              "y" : 765,
                              "width" : 116,
                              "height" : 56
                           }
                        }
                     },
                     {
                        "objectId" : "4",
                        "name" : "SMS",
                        "visible" : true,
                        "maskFrame" : null,
                        "layerFrame" : {
                           "x" : 903,
                           "y" : 765,
                           "width" : 117,
                           "height" : 56
                        },
                        "children" : [],
                        "kind" : "group",
                        "imageType" : "png",
                        "image" : {
                           "path" : "images/4.png",
                           "frame" : {
                              "x" : 903,
                              "y" : 765,
                              "width" : 117,
                              "height" : 56
                           }
                        }
                     },
                     {
                        "objectId" : "3",
                        "name" : "Mail",
                        "visible" : true,
                        "maskFrame" : null,
                        "layerFrame" : {
                           "x" : 1021,
                           "y" : 765,
                           "width" : 116,
                           "height" : 56
                        },
                        "children" : [],
                        "kind" : "group",
                        "imageType" : "png",
                        "image" : {
                           "path" : "images/3.png",
                           "frame" : {
                              "x" : 1021,
                              "y" : 765,
                              "width" : 116,
                              "height" : 56
                           }
                        }
                     }
                  ],
                  "kind" : "group",
                  "imageType" : "png",
                  "image" : {
                     "path" : "images/6.png",
                     "frame" : {
                        "x" : 499,
                        "y" : 765,
                        "width" : 638,
                        "height" : 56
                     }
                  }
               },
               {
                  "objectId" : "2",
                  "name" : "ResolveBTN",
                  "visible" : true,
                  "maskFrame" : null,
                  "layerFrame" : {
                     "x" : 788,
                     "y" : 892,
                     "width" : 305,
                     "height" : 63
                  },
                  "children" : [
                     {
                        "objectId" : "1",
                        "name" : "Button",
                        "visible" : true,
                        "maskFrame" : null,
                        "layerFrame" : {
                           "x" : 788,
                           "y" : 892,
                           "width" : 305,
                           "height" : 63
                        },
                        "children" : [],
                        "kind" : "group",
                        "imageType" : "png",
                        "image" : {
                           "path" : "images/1.png",
                           "frame" : {
                              "x" : 788,
                              "y" : 892,
                              "width" : 305,
                              "height" : 63
                           }
                        }
                     }
                  ],
                  "kind" : "group"
               }
            ],
            "kind" : "group"
         },
         {
            "objectId" : "0",
            "name" : "BG_BACK",
            "visible" : true,
            "maskFrame" : null,
            "layerFrame" : {
               "x" : 250,
               "y" : 0,
               "width" : 1190,
               "height" : 1024
            },
            "children" : [],
            "kind" : "group",
            "imageType" : "png",
            "image" : {
               "path" : "images/0.png",
               "frame" : {
                  "x" : 250,
                  "y" : 0,
                  "width" : 1190,
                  "height" : 1024
               }
            }
         }
      ],
      "kind" : "artboard",
      "backgroundColor" : "rgba(1.00000, 1.00000, 1.00000, 1.00000)"
   }
]