[
   {
      "objectId" : "65",
      "name" : "ChangeBooking",
      "visible" : true,
      "maskFrame" : {
         "x" : 760,
         "y" : 3310,
         "width" : 1440,
         "height" : 1024
      },
      "layerFrame" : {
         "x" : 760,
         "y" : 3310,
         "width" : 1440,
         "height" : 1024
      },
      "children" : [
         {
            "objectId" : "64",
            "name" : "Nav_Side_Bar",
            "visible" : true,
            "maskFrame" : null,
            "layerFrame" : {
               "x" : 0,
               "y" : 0,
               "width" : 250,
               "height" : 1024
            },
            "children" : [
               {
                  "objectId" : "63",
                  "name" : "Options",
                  "visible" : true,
                  "maskFrame" : null,
                  "layerFrame" : {
                     "x" : 0,
                     "y" : 290,
                     "width" : 230,
                     "height" : 453
                  },
                  "children" : [
                     {
                        "objectId" : "62",
                        "name" : "Home_2",
                        "visible" : true,
                        "maskFrame" : null,
                        "layerFrame" : {
                           "x" : 0,
                           "y" : 290,
                           "width" : 230,
                           "height" : 57
                        },
                        "children" : [],
                        "kind" : "group",
                        "imageType" : "png",
                        "image" : {
                           "path" : "images/62.png",
                           "frame" : {
                              "x" : 0,
                              "y" : 290,
                              "width" : 230,
                              "height" : 57
                           }
                        }
                     },
                     {
                        "objectId" : "61",
                        "name" : "AdjustBookings",
                        "visible" : true,
                        "maskFrame" : null,
                        "layerFrame" : {
                           "x" : 0,
                           "y" : 359,
                           "width" : 230,
                           "height" : 42
                        },
                        "children" : [],
                        "kind" : "group",
                        "imageType" : "png",
                        "image" : {
                           "path" : "images/61.png",
                           "frame" : {
                              "x" : 0,
                              "y" : 359,
                              "width" : 230,
                              "height" : 42
                           }
                        }
                     },
                     {
                        "objectId" : "60",
                        "name" : "ServiceRobots",
                        "visible" : true,
                        "maskFrame" : null,
                        "layerFrame" : {
                           "x" : 0,
                           "y" : 413,
                           "width" : 230,
                           "height" : 42
                        },
                        "children" : [],
                        "kind" : "group",
                        "imageType" : "png",
                        "image" : {
                           "path" : "images/60.png",
                           "frame" : {
                              "x" : 0,
                              "y" : 413,
                              "width" : 230,
                              "height" : 42
                           }
                        }
                     },
                     {
                        "objectId" : "59",
                        "name" : "Contact_2",
                        "visible" : true,
                        "maskFrame" : null,
                        "layerFrame" : {
                           "x" : 0,
                           "y" : 467,
                           "width" : 230,
                           "height" : 167
                        },
                        "children" : [
                           {
                              "objectId" : "58",
                              "name" : "ContactTab",
                              "visible" : true,
                              "maskFrame" : null,
                              "layerFrame" : {
                                 "x" : 0,
                                 "y" : 468,
                                 "width" : 230,
                                 "height" : 40
                              },
                              "children" : [
                                 {
                                    "objectId" : "57",
                                    "name" : "ContactTabBorder",
                                    "visible" : true,
                                    "maskFrame" : null,
                                    "layerFrame" : {
                                       "x" : 0,
                                       "y" : 505,
                                       "width" : 230,
                                       "height" : 3
                                    },
                                    "children" : [],
                                    "kind" : "group",
                                    "imageType" : "png",
                                    "image" : {
                                       "path" : "images/57.png",
                                       "frame" : {
                                          "x" : 0,
                                          "y" : 505,
                                          "width" : 230,
                                          "height" : 3
                                       }
                                    }
                                 }
                              ],
                              "kind" : "group",
                              "imageType" : "png",
                              "image" : {
                                 "path" : "images/58.png",
                                 "frame" : {
                                    "x" : 0,
                                    "y" : 468,
                                    "width" : 230,
                                    "height" : 40
                                 }
                              }
                           },
                           {
                              "objectId" : "56",
                              "name" : "ArrowDrop",
                              "visible" : true,
                              "maskFrame" : null,
                              "layerFrame" : {
                                 "x" : 206,
                                 "y" : 467,
                                 "width" : 24,
                                 "height" : 24
                              },
                              "children" : [
                                 {
                                    "objectId" : "55",
                                    "name" : "Arrow",
                                    "visible" : true,
                                    "maskFrame" : null,
                                    "layerFrame" : {
                                       "x" : 206,
                                       "y" : 467,
                                       "width" : 24,
                                       "height" : 24
                                    },
                                    "children" : [],
                                    "kind" : "group",
                                    "imageType" : "png",
                                    "image" : {
                                       "path" : "images/55.png",
                                       "frame" : {
                                          "x" : 206,
                                          "y" : 467,
                                          "width" : 24,
                                          "height" : 24
                                       }
                                    }
                                 }
                              ],
                              "kind" : "group"
                           },
                           {
                              "objectId" : "54",
                              "name" : "ResidentTab",
                              "visible" : true,
                              "maskFrame" : null,
                              "layerFrame" : {
                                 "x" : 37,
                                 "y" : 506,
                                 "width" : 193,
                                 "height" : 44
                              },
                              "children" : [
                                 {
                                    "objectId" : "53",
                                    "name" : "ResidentBorder",
                                    "visible" : true,
                                    "maskFrame" : null,
                                    "layerFrame" : {
                                       "x" : 37,
                                       "y" : 547,
                                       "width" : 193,
                                       "height" : 3
                                    },
                                    "children" : [],
                                    "kind" : "group",
                                    "imageType" : "png",
                                    "image" : {
                                       "path" : "images/53.png",
                                       "frame" : {
                                          "x" : 37,
                                          "y" : 547,
                                          "width" : 193,
                                          "height" : 3
                                       }
                                    }
                                 },
                                 {
                                    "objectId" : "52",
                                    "name" : "Resident",
                                    "visible" : true,
                                    "maskFrame" : null,
                                    "layerFrame" : {
                                       "x" : 52,
                                       "y" : 506,
                                       "width" : 95,
                                       "height" : 42
                                    },
                                    "children" : [],
                                    "kind" : "group",
                                    "imageType" : "png",
                                    "image" : {
                                       "path" : "images/52.png",
                                       "frame" : {
                                          "x" : 52,
                                          "y" : 506,
                                          "width" : 95,
                                          "height" : 42
                                       }
                                    }
                                 }
                              ],
                              "kind" : "group"
                           },
                           {
                              "objectId" : "51",
                              "name" : "TechnicianTab",
                              "visible" : true,
                              "maskFrame" : null,
                              "layerFrame" : {
                                 "x" : 37,
                                 "y" : 548,
                                 "width" : 193,
                                 "height" : 44
                              },
                              "children" : [
                                 {
                                    "objectId" : "50",
                                    "name" : "TechnicianBorder",
                                    "visible" : true,
                                    "maskFrame" : null,
                                    "layerFrame" : {
                                       "x" : 37,
                                       "y" : 589,
                                       "width" : 193,
                                       "height" : 3
                                    },
                                    "children" : [],
                                    "kind" : "group",
                                    "imageType" : "png",
                                    "image" : {
                                       "path" : "images/50.png",
                                       "frame" : {
                                          "x" : 37,
                                          "y" : 589,
                                          "width" : 193,
                                          "height" : 3
                                       }
                                    }
                                 },
                                 {
                                    "objectId" : "49",
                                    "name" : "Technicians",
                                    "visible" : true,
                                    "maskFrame" : null,
                                    "layerFrame" : {
                                       "x" : 52,
                                       "y" : 548,
                                       "width" : 111,
                                       "height" : 42
                                    },
                                    "children" : [],
                                    "kind" : "group",
                                    "imageType" : "png",
                                    "image" : {
                                       "path" : "images/49.png",
                                       "frame" : {
                                          "x" : 52,
                                          "y" : 548,
                                          "width" : 111,
                                          "height" : 42
                                       }
                                    }
                                 }
                              ],
                              "kind" : "group"
                           },
                           {
                              "objectId" : "48",
                              "name" : "PoliceTab",
                              "visible" : true,
                              "maskFrame" : null,
                              "layerFrame" : {
                                 "x" : 37,
                                 "y" : 590,
                                 "width" : 193,
                                 "height" : 44
                              },
                              "children" : [
                                 {
                                    "objectId" : "47",
                                    "name" : "PoliceBorder",
                                    "visible" : true,
                                    "maskFrame" : null,
                                    "layerFrame" : {
                                       "x" : 37,
                                       "y" : 631,
                                       "width" : 193,
                                       "height" : 3
                                    },
                                    "children" : [],
                                    "kind" : "group",
                                    "imageType" : "png",
                                    "image" : {
                                       "path" : "images/47.png",
                                       "frame" : {
                                          "x" : 37,
                                          "y" : 631,
                                          "width" : 193,
                                          "height" : 3
                                       }
                                    }
                                 },
                                 {
                                    "objectId" : "46",
                                    "name" : "Police",
                                    "visible" : true,
                                    "maskFrame" : null,
                                    "layerFrame" : {
                                       "x" : 52,
                                       "y" : 590,
                                       "width" : 95,
                                       "height" : 42
                                    },
                                    "children" : [],
                                    "kind" : "group",
                                    "imageType" : "png",
                                    "image" : {
                                       "path" : "images/46.png",
                                       "frame" : {
                                          "x" : 52,
                                          "y" : 590,
                                          "width" : 95,
                                          "height" : 42
                                       }
                                    }
                                 }
                              ],
                              "kind" : "group"
                           }
                        ],
                        "kind" : "group"
                     },
                     {
                        "objectId" : "45",
                        "name" : "Infringements_2",
                        "visible" : true,
                        "maskFrame" : null,
                        "layerFrame" : {
                           "x" : 0,
                           "y" : 647,
                           "width" : 230,
                           "height" : 42
                        },
                        "children" : [],
                        "kind" : "group",
                        "imageType" : "png",
                        "image" : {
                           "path" : "images/45.png",
                           "frame" : {
                              "x" : 0,
                              "y" : 647,
                              "width" : 230,
                              "height" : 42
                           }
                        }
                     },
                     {
                        "objectId" : "44",
                        "name" : "Settings_2",
                        "visible" : true,
                        "maskFrame" : null,
                        "layerFrame" : {
                           "x" : 0,
                           "y" : 701,
                           "width" : 230,
                           "height" : 42
                        },
                        "children" : [],
                        "kind" : "group",
                        "imageType" : "png",
                        "image" : {
                           "path" : "images/44.png",
                           "frame" : {
                              "x" : 0,
                              "y" : 701,
                              "width" : 230,
                              "height" : 42
                           }
                        }
                     }
                  ],
                  "kind" : "group"
               },
               {
                  "objectId" : "43",
                  "name" : "Icons",
                  "visible" : true,
                  "maskFrame" : null,
                  "layerFrame" : {
                     "x" : 20,
                     "y" : 236,
                     "width" : 210,
                     "height" : 489
                  },
                  "children" : [
                     {
                        "objectId" : "42",
                        "name" : "Notifications_2",
                        "visible" : true,
                        "maskFrame" : null,
                        "layerFrame" : {
                           "x" : 206,
                           "y" : 236,
                           "width" : 24,
                           "height" : 24
                        },
                        "children" : [],
                        "kind" : "group",
                        "imageType" : "png",
                        "image" : {
                           "path" : "images/42.png",
                           "frame" : {
                              "x" : 206,
                              "y" : 236,
                              "width" : 24,
                              "height" : 24
                           }
                        }
                     },
                     {
                        "objectId" : "41",
                        "name" : "Home",
                        "visible" : true,
                        "maskFrame" : null,
                        "layerFrame" : {
                           "x" : 20,
                           "y" : 305,
                           "width" : 24,
                           "height" : 24
                        },
                        "children" : [],
                        "kind" : "group",
                        "imageType" : "png",
                        "image" : {
                           "path" : "images/41.png",
                           "frame" : {
                              "x" : 20,
                              "y" : 305,
                              "width" : 24,
                              "height" : 24
                           }
                        }
                     },
                     {
                        "objectId" : "40",
                        "name" : "Adjust_Bookings",
                        "visible" : true,
                        "maskFrame" : null,
                        "layerFrame" : {
                           "x" : 20,
                           "y" : 359,
                           "width" : 24,
                           "height" : 24
                        },
                        "children" : [],
                        "kind" : "group",
                        "imageType" : "png",
                        "image" : {
                           "path" : "images/40.png",
                           "frame" : {
                              "x" : 20,
                              "y" : 359,
                              "width" : 24,
                              "height" : 24
                           }
                        }
                     },
                     {
                        "objectId" : "39",
                        "name" : "Service_Robots",
                        "visible" : true,
                        "maskFrame" : null,
                        "layerFrame" : {
                           "x" : 20,
                           "y" : 413,
                           "width" : 24,
                           "height" : 24
                        },
                        "children" : [],
                        "kind" : "group",
                        "imageType" : "png",
                        "image" : {
                           "path" : "images/39.png",
                           "frame" : {
                              "x" : 20,
                              "y" : 413,
                              "width" : 24,
                              "height" : 24
                           }
                        }
                     },
                     {
                        "objectId" : "38",
                        "name" : "Contact",
                        "visible" : true,
                        "maskFrame" : null,
                        "layerFrame" : {
                           "x" : 20,
                           "y" : 467,
                           "width" : 24,
                           "height" : 24
                        },
                        "children" : [],
                        "kind" : "group",
                        "imageType" : "png",
                        "image" : {
                           "path" : "images/38.png",
                           "frame" : {
                              "x" : 20,
                              "y" : 467,
                              "width" : 24,
                              "height" : 24
                           }
                        }
                     },
                     {
                        "objectId" : "37",
                        "name" : "Infringements",
                        "visible" : true,
                        "maskFrame" : null,
                        "layerFrame" : {
                           "x" : 20,
                           "y" : 647,
                           "width" : 24,
                           "height" : 24
                        },
                        "children" : [],
                        "kind" : "group",
                        "imageType" : "png",
                        "image" : {
                           "path" : "images/37.png",
                           "frame" : {
                              "x" : 20,
                              "y" : 647,
                              "width" : 24,
                              "height" : 24
                           }
                        }
                     },
                     {
                        "objectId" : "36",
                        "name" : "Settings",
                        "visible" : true,
                        "maskFrame" : null,
                        "layerFrame" : {
                           "x" : 20,
                           "y" : 701,
                           "width" : 24,
                           "height" : 24
                        },
                        "children" : [],
                        "kind" : "group",
                        "imageType" : "png",
                        "image" : {
                           "path" : "images/36.png",
                           "frame" : {
                              "x" : 20,
                              "y" : 701,
                              "width" : 24,
                              "height" : 24
                           }
                        }
                     }
                  ],
                  "kind" : "group"
               },
               {
                  "objectId" : "35",
                  "name" : "AvatarContainer",
                  "visible" : true,
                  "maskFrame" : null,
                  "layerFrame" : {
                     "x" : 72,
                     "y" : 43,
                     "width" : 106,
                     "height" : 138
                  },
                  "children" : [
                     {
                        "objectId" : "34",
                        "name" : "Avatar_Placeholder",
                        "visible" : true,
                        "maskFrame" : null,
                        "layerFrame" : {
                           "x" : 72,
                           "y" : 43,
                           "width" : 106,
                           "height" : 106
                        },
                        "children" : [],
                        "kind" : "group",
                        "imageType" : "png",
                        "image" : {
                           "path" : "images/34.png",
                           "frame" : {
                              "x" : 72,
                              "y" : 43,
                              "width" : 106,
                              "height" : 106
                           }
                        }
                     }
                  ],
                  "kind" : "group",
                  "imageType" : "png",
                  "image" : {
                     "path" : "images/35.png",
                     "frame" : {
                        "x" : 72,
                        "y" : 43,
                        "width" : 106,
                        "height" : 138
                     }
                  }
               },
               {
                  "objectId" : "33",
                  "name" : "SignOut",
                  "visible" : true,
                  "maskFrame" : null,
                  "layerFrame" : {
                     "x" : 72,
                     "y" : 191,
                     "width" : 106,
                     "height" : 24
                  },
                  "children" : [],
                  "kind" : "group",
                  "imageType" : "png",
                  "image" : {
                     "path" : "images/33.png",
                     "frame" : {
                        "x" : 72,
                        "y" : 191,
                        "width" : 106,
                        "height" : 24
                     }
                  }
               },
               {
                  "objectId" : "32",
                  "name" : "Notifications",
                  "visible" : true,
                  "maskFrame" : null,
                  "layerFrame" : {
                     "x" : 52,
                     "y" : 236,
                     "width" : 178,
                     "height" : 25
                  },
                  "children" : [],
                  "kind" : "group",
                  "imageType" : "png",
                  "image" : {
                     "path" : "images/32.png",
                     "frame" : {
                        "x" : 52,
                        "y" : 236,
                        "width" : 178,
                        "height" : 25
                     }
                  }
               },
               {
                  "objectId" : "31",
                  "name" : "Chosen_Bar",
                  "visible" : true,
                  "maskFrame" : null,
                  "layerFrame" : {
                     "x" : 0,
                     "y" : 344,
                     "width" : 10,
                     "height" : 54
                  },
                  "children" : [],
                  "kind" : "group",
                  "imageType" : "png",
                  "image" : {
                     "path" : "images/31.png",
                     "frame" : {
                        "x" : 0,
                        "y" : 344,
                        "width" : 10,
                        "height" : 54
                     }
                  }
               },
               {
                  "objectId" : "30",
                  "name" : "Nav_BG",
                  "visible" : true,
                  "maskFrame" : null,
                  "layerFrame" : {
                     "x" : 0,
                     "y" : 0,
                     "width" : 250,
                     "height" : 1024
                  },
                  "children" : [],
                  "kind" : "group",
                  "imageType" : "png",
                  "image" : {
                     "path" : "images/30.png",
                     "frame" : {
                        "x" : 0,
                        "y" : 0,
                        "width" : 250,
                        "height" : 1024
                     }
                  }
               }
            ],
            "kind" : "group",
            "imageType" : "png",
            "image" : {
               "path" : "images/64.png",
               "frame" : {
                  "x" : 0,
                  "y" : 0,
                  "width" : 250,
                  "height" : 1024
               }
            }
         },
         {
            "objectId" : "29",
            "name" : "Content",
            "visible" : true,
            "maskFrame" : null,
            "layerFrame" : {
               "x" : 290,
               "y" : 80,
               "width" : 803,
               "height" : 824
            },
            "children" : [
               {
                  "objectId" : "28",
                  "name" : "Back",
                  "visible" : true,
                  "maskFrame" : null,
                  "layerFrame" : {
                     "x" : 290,
                     "y" : 80,
                     "width" : 119,
                     "height" : 60
                  },
                  "children" : [],
                  "kind" : "group",
                  "imageType" : "png",
                  "image" : {
                     "path" : "images/28.png",
                     "frame" : {
                        "x" : 290,
                        "y" : 80,
                        "width" : 119,
                        "height" : 60
                     }
                  }
               },
               {
                  "objectId" : "27",
                  "name" : "AddressContainer",
                  "visible" : true,
                  "maskFrame" : null,
                  "layerFrame" : {
                     "x" : 655,
                     "y" : 121,
                     "width" : 438,
                     "height" : 47
                  },
                  "children" : [
                     {
                        "objectId" : "26",
                        "name" : "AddressInput",
                        "visible" : true,
                        "maskFrame" : null,
                        "layerFrame" : {
                           "x" : 788,
                           "y" : 121,
                           "width" : 305,
                           "height" : 47
                        },
                        "children" : [],
                        "kind" : "group",
                        "imageType" : "png",
                        "image" : {
                           "path" : "images/26.png",
                           "frame" : {
                              "x" : 788,
                              "y" : 121,
                              "width" : 305,
                              "height" : 47
                           }
                        }
                     }
                  ],
                  "kind" : "group",
                  "imageType" : "png",
                  "image" : {
                     "path" : "images/27.png",
                     "frame" : {
                        "x" : 655,
                        "y" : 121,
                        "width" : 438,
                        "height" : 47
                     }
                  }
               },
               {
                  "objectId" : "25",
                  "name" : "ServiceContainer",
                  "visible" : true,
                  "maskFrame" : null,
                  "layerFrame" : {
                     "x" : 655,
                     "y" : 248,
                     "width" : 438,
                     "height" : 48
                  },
                  "children" : [
                     {
                        "objectId" : "24",
                        "name" : "ServiceDropdown",
                        "visible" : true,
                        "maskFrame" : null,
                        "layerFrame" : {
                           "x" : 788,
                           "y" : 248,
                           "width" : 305,
                           "height" : 48
                        },
                        "children" : [],
                        "kind" : "group",
                        "imageType" : "png",
                        "image" : {
                           "path" : "images/24.png",
                           "frame" : {
                              "x" : 788,
                              "y" : 248,
                              "width" : 305,
                              "height" : 48
                           }
                        }
                     }
                  ],
                  "kind" : "group",
                  "imageType" : "png",
                  "image" : {
                     "path" : "images/25.png",
                     "frame" : {
                        "x" : 655,
                        "y" : 248,
                        "width" : 438,
                        "height" : 48
                     }
                  }
               },
               {
                  "objectId" : "23",
                  "name" : "DayContainer",
                  "visible" : true,
                  "maskFrame" : null,
                  "layerFrame" : {
                     "x" : 719,
                     "y" : 375,
                     "width" : 374,
                     "height" : 47
                  },
                  "children" : [
                     {
                        "objectId" : "22",
                        "name" : "DayChange",
                        "visible" : true,
                        "maskFrame" : null,
                        "layerFrame" : {
                           "x" : 788,
                           "y" : 375,
                           "width" : 305,
                           "height" : 47
                        },
                        "children" : [
                           {
                              "objectId" : "21",
                              "name" : "DayButton",
                              "visible" : true,
                              "maskFrame" : null,
                              "layerFrame" : {
                                 "x" : 1037,
                                 "y" : 375,
                                 "width" : 56,
                                 "height" : 47
                              },
                              "children" : [
                                 {
                                    "objectId" : "20",
                                    "name" : "Icon_4",
                                    "visible" : true,
                                    "maskFrame" : null,
                                    "layerFrame" : {
                                       "x" : 1049,
                                       "y" : 382,
                                       "width" : 32,
                                       "height" : 33
                                    },
                                    "children" : [
                                       {
                                          "objectId" : "19",
                                          "name" : "Icon_3",
                                          "visible" : true,
                                          "maskFrame" : null,
                                          "layerFrame" : {
                                             "x" : 1049,
                                             "y" : 382,
                                             "width" : 32,
                                             "height" : 33
                                          },
                                          "children" : [],
                                          "kind" : "group",
                                          "imageType" : "png",
                                          "image" : {
                                             "path" : "images/19.png",
                                             "frame" : {
                                                "x" : 1049,
                                                "y" : 382,
                                                "width" : 32,
                                                "height" : 33
                                             }
                                          }
                                       }
                                    ],
                                    "kind" : "group"
                                 }
                              ],
                              "kind" : "group",
                              "imageType" : "png",
                              "image" : {
                                 "path" : "images/21.png",
                                 "frame" : {
                                    "x" : 1037,
                                    "y" : 375,
                                    "width" : 56,
                                    "height" : 47
                                 }
                              }
                           },
                           {
                              "objectId" : "18",
                              "name" : "Input",
                              "visible" : true,
                              "maskFrame" : null,
                              "layerFrame" : {
                                 "x" : 788,
                                 "y" : 375,
                                 "width" : 298,
                                 "height" : 47
                              },
                              "children" : [],
                              "kind" : "group",
                              "imageType" : "png",
                              "image" : {
                                 "path" : "images/18.png",
                                 "frame" : {
                                    "x" : 788,
                                    "y" : 375,
                                    "width" : 298,
                                    "height" : 47
                                 }
                              }
                           }
                        ],
                        "kind" : "group"
                     }
                  ],
                  "kind" : "group",
                  "imageType" : "png",
                  "image" : {
                     "path" : "images/23.png",
                     "frame" : {
                        "x" : 719,
                        "y" : 375,
                        "width" : 374,
                        "height" : 47
                     }
                  }
               },
               {
                  "objectId" : "17",
                  "name" : "TimeContainer",
                  "visible" : true,
                  "maskFrame" : null,
                  "layerFrame" : {
                     "x" : 701,
                     "y" : 502,
                     "width" : 392,
                     "height" : 47
                  },
                  "children" : [
                     {
                        "objectId" : "16",
                        "name" : "Time_Change_2",
                        "visible" : true,
                        "maskFrame" : null,
                        "layerFrame" : {
                           "x" : 788,
                           "y" : 502,
                           "width" : 305,
                           "height" : 47
                        },
                        "children" : [
                           {
                              "objectId" : "15",
                              "name" : "TimeButton",
                              "visible" : true,
                              "maskFrame" : null,
                              "layerFrame" : {
                                 "x" : 1037,
                                 "y" : 502,
                                 "width" : 56,
                                 "height" : 47
                              },
                              "children" : [
                                 {
                                    "objectId" : "14",
                                    "name" : "Icon_2",
                                    "visible" : true,
                                    "maskFrame" : null,
                                    "layerFrame" : {
                                       "x" : 1049,
                                       "y" : 511,
                                       "width" : 32,
                                       "height" : 29
                                    },
                                    "children" : [
                                       {
                                          "objectId" : "13",
                                          "name" : "Icon",
                                          "visible" : true,
                                          "maskFrame" : null,
                                          "layerFrame" : {
                                             "x" : 1049,
                                             "y" : 511,
                                             "width" : 32,
                                             "height" : 29
                                          },
                                          "children" : [],
                                          "kind" : "group",
                                          "imageType" : "png",
                                          "image" : {
                                             "path" : "images/13.png",
                                             "frame" : {
                                                "x" : 1049,
                                                "y" : 511,
                                                "width" : 32,
                                                "height" : 29
                                             }
                                          }
                                       }
                                    ],
                                    "kind" : "group"
                                 }
                              ],
                              "kind" : "group",
                              "imageType" : "png",
                              "image" : {
                                 "path" : "images/15.png",
                                 "frame" : {
                                    "x" : 1037,
                                    "y" : 502,
                                    "width" : 56,
                                    "height" : 47
                                 }
                              }
                           },
                           {
                              "objectId" : "12",
                              "name" : "Time_Change",
                              "visible" : true,
                              "maskFrame" : null,
                              "layerFrame" : {
                                 "x" : 788,
                                 "y" : 502,
                                 "width" : 298,
                                 "height" : 47
                              },
                              "children" : [],
                              "kind" : "group",
                              "imageType" : "png",
                              "image" : {
                                 "path" : "images/12.png",
                                 "frame" : {
                                    "x" : 788,
                                    "y" : 502,
                                    "width" : 298,
                                    "height" : 47
                                 }
                              }
                           }
                        ],
                        "kind" : "group"
                     }
                  ],
                  "kind" : "group",
                  "imageType" : "png",
                  "image" : {
                     "path" : "images/17.png",
                     "frame" : {
                        "x" : 701,
                        "y" : 502,
                        "width" : 392,
                        "height" : 47
                     }
                  }
               },
               {
                  "objectId" : "11",
                  "name" : "TypesOfBin",
                  "visible" : true,
                  "maskFrame" : null,
                  "layerFrame" : {
                     "x" : 597,
                     "y" : 629,
                     "width" : 479,
                     "height" : 71
                  },
                  "children" : [
                     {
                        "objectId" : "10",
                        "name" : "Blue",
                        "visible" : true,
                        "maskFrame" : null,
                        "layerFrame" : {
                           "x" : 788,
                           "y" : 629,
                           "width" : 48,
                           "height" : 70
                        },
                        "children" : [
                           {
                              "objectId" : "9",
                              "name" : "BlueCheck",
                              "visible" : true,
                              "maskFrame" : null,
                              "layerFrame" : {
                                 "x" : 793,
                                 "y" : 629,
                                 "width" : 37,
                                 "height" : 36
                              },
                              "children" : [],
                              "kind" : "group",
                              "imageType" : "png",
                              "image" : {
                                 "path" : "images/9.png",
                                 "frame" : {
                                    "x" : 793,
                                    "y" : 629,
                                    "width" : 37,
                                    "height" : 36
                                 }
                              }
                           }
                        ],
                        "kind" : "group",
                        "imageType" : "png",
                        "image" : {
                           "path" : "images/10.png",
                           "frame" : {
                              "x" : 788,
                              "y" : 629,
                              "width" : 48,
                              "height" : 70
                           }
                        }
                     },
                     {
                        "objectId" : "8",
                        "name" : "Green",
                        "visible" : true,
                        "maskFrame" : null,
                        "layerFrame" : {
                           "x" : 856,
                           "y" : 629,
                           "width" : 65,
                           "height" : 70
                        },
                        "children" : [
                           {
                              "objectId" : "7",
                              "name" : "GreenCheck",
                              "visible" : true,
                              "maskFrame" : null,
                              "layerFrame" : {
                                 "x" : 870,
                                 "y" : 629,
                                 "width" : 37,
                                 "height" : 36
                              },
                              "children" : [],
                              "kind" : "group",
                              "imageType" : "png",
                              "image" : {
                                 "path" : "images/7.png",
                                 "frame" : {
                                    "x" : 870,
                                    "y" : 629,
                                    "width" : 37,
                                    "height" : 36
                                 }
                              }
                           }
                        ],
                        "kind" : "group",
                        "imageType" : "png",
                        "image" : {
                           "path" : "images/8.png",
                           "frame" : {
                              "x" : 856,
                              "y" : 629,
                              "width" : 65,
                              "height" : 70
                           }
                        }
                     },
                     {
                        "objectId" : "6",
                        "name" : "Red",
                        "visible" : true,
                        "maskFrame" : null,
                        "layerFrame" : {
                           "x" : 941,
                           "y" : 629,
                           "width" : 43,
                           "height" : 70
                        },
                        "children" : [
                           {
                              "objectId" : "5",
                              "name" : "RedCheck",
                              "visible" : true,
                              "maskFrame" : null,
                              "layerFrame" : {
                                 "x" : 944,
                                 "y" : 629,
                                 "width" : 37,
                                 "height" : 36
                              },
                              "children" : [],
                              "kind" : "group",
                              "imageType" : "png",
                              "image" : {
                                 "path" : "images/5.png",
                                 "frame" : {
                                    "x" : 944,
                                    "y" : 629,
                                    "width" : 37,
                                    "height" : 36
                                 }
                              }
                           }
                        ],
                        "kind" : "group",
                        "imageType" : "png",
                        "image" : {
                           "path" : "images/6.png",
                           "frame" : {
                              "x" : 941,
                              "y" : 629,
                              "width" : 43,
                              "height" : 70
                           }
                        }
                     },
                     {
                        "objectId" : "4",
                        "name" : "Yellow",
                        "visible" : true,
                        "maskFrame" : null,
                        "layerFrame" : {
                           "x" : 1004,
                           "y" : 629,
                           "width" : 72,
                           "height" : 71
                        },
                        "children" : [
                           {
                              "objectId" : "3",
                              "name" : "YellowCheck",
                              "visible" : true,
                              "maskFrame" : null,
                              "layerFrame" : {
                                 "x" : 1021,
                                 "y" : 629,
                                 "width" : 37,
                                 "height" : 36
                              },
                              "children" : [],
                              "kind" : "group",
                              "imageType" : "png",
                              "image" : {
                                 "path" : "images/3.png",
                                 "frame" : {
                                    "x" : 1021,
                                    "y" : 629,
                                    "width" : 37,
                                    "height" : 36
                                 }
                              }
                           }
                        ],
                        "kind" : "group",
                        "imageType" : "png",
                        "image" : {
                           "path" : "images/4.png",
                           "frame" : {
                              "x" : 1004,
                              "y" : 629,
                              "width" : 72,
                              "height" : 71
                           }
                        }
                     }
                  ],
                  "kind" : "group",
                  "imageType" : "png",
                  "image" : {
                     "path" : "images/11.png",
                     "frame" : {
                        "x" : 597,
                        "y" : 629,
                        "width" : 479,
                        "height" : 71
                     }
                  }
               },
               {
                  "objectId" : "2",
                  "name" : "ConfirmButton",
                  "visible" : true,
                  "maskFrame" : null,
                  "layerFrame" : {
                     "x" : 788,
                     "y" : 740,
                     "width" : 305,
                     "height" : 62
                  },
                  "children" : [],
                  "kind" : "group",
                  "imageType" : "png",
                  "image" : {
                     "path" : "images/2.png",
                     "frame" : {
                        "x" : 788,
                        "y" : 740,
                        "width" : 305,
                        "height" : 62
                     }
                  }
               },
               {
                  "objectId" : "1",
                  "name" : "UndoButton",
                  "visible" : true,
                  "maskFrame" : null,
                  "layerFrame" : {
                     "x" : 829,
                     "y" : 842,
                     "width" : 223,
                     "height" : 62
                  },
                  "children" : [],
                  "kind" : "group",
                  "imageType" : "png",
                  "image" : {
                     "path" : "images/1.png",
                     "frame" : {
                        "x" : 829,
                        "y" : 842,
                        "width" : 223,
                        "height" : 62
                     }
                  }
               }
            ],
            "kind" : "group"
         },
         {
            "objectId" : "0",
            "name" : "BG",
            "visible" : true,
            "maskFrame" : null,
            "layerFrame" : {
               "x" : 250,
               "y" : 0,
               "width" : 1190,
               "height" : 1024
            },
            "children" : [],
            "kind" : "group",
            "imageType" : "png",
            "image" : {
               "path" : "images/0.png",
               "frame" : {
                  "x" : 250,
                  "y" : 0,
                  "width" : 1190,
                  "height" : 1024
               }
            }
         }
      ],
      "kind" : "artboard",
      "backgroundColor" : "rgba(1.00000, 1.00000, 1.00000, 1.00000)"
   }
]