[
   {
      "objectId" : "8",
      "name" : "CallingOverlay",
      "visible" : true,
      "maskFrame" : {
         "x" : 1027,
         "y" : 2285,
         "width" : 906,
         "height" : 534
      },
      "layerFrame" : {
         "x" : 1027,
         "y" : 2285,
         "width" : 906,
         "height" : 534
      },
      "children" : [
         {
            "objectId" : "7",
            "name" : "Phone_2",
            "visible" : true,
            "maskFrame" : null,
            "layerFrame" : {
               "x" : 329,
               "y" : 149,
               "width" : 247,
               "height" : 247
            },
            "children" : [
               {
                  "objectId" : "6",
                  "name" : "PhoneShape",
                  "visible" : true,
                  "maskFrame" : null,
                  "layerFrame" : {
                     "x" : 329,
                     "y" : 149,
                     "width" : 247,
                     "height" : 247
                  },
                  "children" : [
                     {
                        "objectId" : "5",
                        "name" : "Reach1",
                        "visible" : true,
                        "maskFrame" : null,
                        "layerFrame" : {
                           "x" : 453,
                           "y" : 203,
                           "width" : 69,
                           "height" : 70
                        },
                        "children" : [],
                        "kind" : "group",
                        "imageType" : "png",
                        "image" : {
                           "path" : "images/5.png",
                           "frame" : {
                              "x" : 453,
                              "y" : 203,
                              "width" : 69,
                              "height" : 70
                           }
                        }
                     },
                     {
                        "objectId" : "4",
                        "name" : "Reach2",
                        "visible" : true,
                        "maskFrame" : null,
                        "layerFrame" : {
                           "x" : 453,
                           "y" : 149,
                           "width" : 123,
                           "height" : 124
                        },
                        "children" : [],
                        "kind" : "group",
                        "imageType" : "png",
                        "image" : {
                           "path" : "images/4.png",
                           "frame" : {
                              "x" : 453,
                              "y" : 149,
                              "width" : 123,
                              "height" : 124
                           }
                        }
                     },
                     {
                        "objectId" : "3",
                        "name" : "Phone",
                        "visible" : true,
                        "maskFrame" : null,
                        "layerFrame" : {
                           "x" : 329,
                           "y" : 149,
                           "width" : 247,
                           "height" : 247
                        },
                        "children" : [],
                        "kind" : "group",
                        "imageType" : "png",
                        "image" : {
                           "path" : "images/3.png",
                           "frame" : {
                              "x" : 329,
                              "y" : 149,
                              "width" : 247,
                              "height" : 247
                           }
                        }
                     }
                  ],
                  "kind" : "group"
               }
            ],
            "kind" : "group"
         },
         {
            "objectId" : "2",
            "name" : "Text",
            "visible" : true,
            "maskFrame" : null,
            "layerFrame" : {
               "x" : 0,
               "y" : 17,
               "width" : 906,
               "height" : 491
            },
            "children" : [],
            "kind" : "group",
            "imageType" : "png",
            "image" : {
               "path" : "images/2.png",
               "frame" : {
                  "x" : 0,
                  "y" : 17,
                  "width" : 906,
                  "height" : 491
               }
            }
         },
         {
            "objectId" : "1",
            "name" : "ViewMore",
            "visible" : true,
            "maskFrame" : null,
            "layerFrame" : {
               "x" : 671,
               "y" : 441,
               "width" : 183,
               "height" : 69
            },
            "children" : [],
            "kind" : "group",
            "imageType" : "png",
            "image" : {
               "path" : "images/1.png",
               "frame" : {
                  "x" : 671,
                  "y" : 441,
                  "width" : 183,
                  "height" : 69
               }
            }
         },
         {
            "objectId" : "0",
            "name" : "layer-1_BG",
            "visible" : true,
            "maskFrame" : null,
            "layerFrame" : {
               "x" : 0,
               "y" : 0,
               "width" : 906,
               "height" : 534
            },
            "children" : [],
            "kind" : "group",
            "imageType" : "png",
            "image" : {
               "path" : "images/0.png",
               "frame" : {
                  "x" : 0,
                  "y" : 0,
                  "width" : 906,
                  "height" : 534
               }
            }
         }
      ],
      "kind" : "artboard",
      "backgroundColor" : "rgba(0.00000, 0.00000, 0.00000, 1.00000)"
   }
]