[
   {
      "objectId" : "11",
      "name" : "Forgot_Staff_ID",
      "visible" : true,
      "maskFrame" : {
         "x" : 760,
         "y" : -500,
         "width" : 1440,
         "height" : 1024
      },
      "layerFrame" : {
         "x" : 760,
         "y" : -500,
         "width" : 1440,
         "height" : 1024
      },
      "children" : [
         {
            "objectId" : "10",
            "name" : "Content",
            "visible" : true,
            "maskFrame" : null,
            "layerFrame" : {
               "x" : 390,
               "y" : 162,
               "width" : 660,
               "height" : 700
            },
            "children" : [
               {
                  "objectId" : "9",
                  "name" : "Back",
                  "visible" : true,
                  "maskFrame" : null,
                  "layerFrame" : {
                     "x" : 390,
                     "y" : 162,
                     "width" : 120,
                     "height" : 60
                  },
                  "children" : [],
                  "kind" : "group",
                  "imageType" : "png",
                  "image" : {
                     "path" : "images/9.png",
                     "frame" : {
                        "x" : 390,
                        "y" : 162,
                        "width" : 120,
                        "height" : 60
                     }
                  }
               },
               {
                  "objectId" : "8",
                  "name" : "Content_Back",
                  "visible" : true,
                  "maskFrame" : null,
                  "layerFrame" : {
                     "x" : 509,
                     "y" : 222,
                     "width" : 541,
                     "height" : 640
                  },
                  "children" : [
                     {
                        "objectId" : "7",
                        "name" : "WorkE_mail",
                        "visible" : true,
                        "maskFrame" : null,
                        "layerFrame" : {
                           "x" : 509,
                           "y" : 362,
                           "width" : 541,
                           "height" : 90
                        },
                        "children" : [
                           {
                              "objectId" : "6",
                              "name" : "work_e_mail_input",
                              "visible" : true,
                              "maskFrame" : null,
                              "layerFrame" : {
                                 "x" : 509,
                                 "y" : 403,
                                 "width" : 541,
                                 "height" : 49
                              },
                              "children" : [],
                              "kind" : "group",
                              "imageType" : "png",
                              "image" : {
                                 "path" : "images/6.png",
                                 "frame" : {
                                    "x" : 509,
                                    "y" : 403,
                                    "width" : 541,
                                    "height" : 49
                                 }
                              }
                           }
                        ],
                        "kind" : "group",
                        "imageType" : "png",
                        "image" : {
                           "path" : "images/7.png",
                           "frame" : {
                              "x" : 509,
                              "y" : 362,
                              "width" : 541,
                              "height" : 90
                           }
                        }
                     },
                     {
                        "objectId" : "5",
                        "name" : "NewStaffID",
                        "visible" : true,
                        "maskFrame" : null,
                        "layerFrame" : {
                           "x" : 509,
                           "y" : 492,
                           "width" : 541,
                           "height" : 90
                        },
                        "children" : [
                           {
                              "objectId" : "4",
                              "name" : "new_id_input",
                              "visible" : true,
                              "maskFrame" : null,
                              "layerFrame" : {
                                 "x" : 509,
                                 "y" : 533,
                                 "width" : 541,
                                 "height" : 49
                              },
                              "children" : [],
                              "kind" : "group",
                              "imageType" : "png",
                              "image" : {
                                 "path" : "images/4.png",
                                 "frame" : {
                                    "x" : 509,
                                    "y" : 533,
                                    "width" : 541,
                                    "height" : 49
                                 }
                              }
                           }
                        ],
                        "kind" : "group",
                        "imageType" : "png",
                        "image" : {
                           "path" : "images/5.png",
                           "frame" : {
                              "x" : 509,
                              "y" : 492,
                              "width" : 541,
                              "height" : 90
                           }
                        }
                     },
                     {
                        "objectId" : "3",
                        "name" : "ConfirmStaffID",
                        "visible" : true,
                        "maskFrame" : null,
                        "layerFrame" : {
                           "x" : 509,
                           "y" : 622,
                           "width" : 541,
                           "height" : 90
                        },
                        "children" : [
                           {
                              "objectId" : "2",
                              "name" : "id_confirm_input",
                              "visible" : true,
                              "maskFrame" : null,
                              "layerFrame" : {
                                 "x" : 509,
                                 "y" : 663,
                                 "width" : 541,
                                 "height" : 49
                              },
                              "children" : [],
                              "kind" : "group",
                              "imageType" : "png",
                              "image" : {
                                 "path" : "images/2.png",
                                 "frame" : {
                                    "x" : 509,
                                    "y" : 663,
                                    "width" : 541,
                                    "height" : 49
                                 }
                              }
                           }
                        ],
                        "kind" : "group",
                        "imageType" : "png",
                        "image" : {
                           "path" : "images/3.png",
                           "frame" : {
                              "x" : 509,
                              "y" : 622,
                              "width" : 541,
                              "height" : 90
                           }
                        }
                     },
                     {
                        "objectId" : "1",
                        "name" : "Reset",
                        "visible" : true,
                        "maskFrame" : null,
                        "layerFrame" : {
                           "x" : 627,
                           "y" : 792,
                           "width" : 305,
                           "height" : 70
                        },
                        "children" : [],
                        "kind" : "group",
                        "imageType" : "png",
                        "image" : {
                           "path" : "images/1.png",
                           "frame" : {
                              "x" : 627,
                              "y" : 792,
                              "width" : 305,
                              "height" : 70
                           }
                        }
                     }
                  ],
                  "kind" : "group",
                  "imageType" : "png",
                  "image" : {
                     "path" : "images/8.png",
                     "frame" : {
                        "x" : 509,
                        "y" : 222,
                        "width" : 541,
                        "height" : 640
                     }
                  }
               }
            ],
            "kind" : "group"
         },
         {
            "objectId" : "0",
            "name" : "Background",
            "visible" : true,
            "maskFrame" : null,
            "layerFrame" : {
               "x" : 0,
               "y" : 0,
               "width" : 1440,
               "height" : 1024
            },
            "children" : [],
            "kind" : "group",
            "imageType" : "png",
            "image" : {
               "path" : "images/0.png",
               "frame" : {
                  "x" : 0,
                  "y" : 0,
                  "width" : 1440,
                  "height" : 1024
               }
            }
         }
      ],
      "kind" : "artboard",
      "backgroundColor" : "rgba(1.00000, 1.00000, 1.00000, 1.00000)"
   }
]