[
   {
      "objectId" : "38",
      "name" : "ChangeBooking",
      "visible" : true,
      "maskFrame" : {
         "x" : 760,
         "y" : 3310,
         "width" : 1440,
         "height" : 1024
      },
      "layerFrame" : {
         "x" : 760,
         "y" : 3310,
         "width" : 1440,
         "height" : 1024
      },
      "children" : [
         {
            "objectId" : "37",
            "name" : "Change_Booking",
            "visible" : true,
            "maskFrame" : null,
            "layerFrame" : {
               "x" : 0,
               "y" : 0,
               "width" : 1440,
               "height" : 1024
            },
            "children" : [
               {
                  "objectId" : "36",
                  "name" : "Nav.Side_Bar",
                  "visible" : true,
                  "maskFrame" : null,
                  "layerFrame" : {
                     "x" : 0,
                     "y" : 0,
                     "width" : 250,
                     "height" : 1024
                  },
                  "children" : [
                     {
                        "objectId" : "35",
                        "name" : "Avatar_Placeholder",
                        "visible" : true,
                        "maskFrame" : null,
                        "layerFrame" : {
                           "x" : 72,
                           "y" : 43,
                           "width" : 106,
                           "height" : 106
                        },
                        "children" : [],
                        "kind" : "group",
                        "imageType" : "png",
                        "image" : {
                           "path" : "images/35.png",
                           "frame" : {
                              "x" : 72,
                              "y" : 43,
                              "width" : 106,
                              "height" : 106
                           }
                        }
                     },
                     {
                        "objectId" : "34",
                        "name" : "Sign_Out",
                        "visible" : true,
                        "maskFrame" : null,
                        "layerFrame" : {
                           "x" : 72,
                           "y" : 191,
                           "width" : 106,
                           "height" : 24
                        },
                        "children" : [],
                        "kind" : "group",
                        "imageType" : "png",
                        "image" : {
                           "path" : "images/34.png",
                           "frame" : {
                              "x" : 72,
                              "y" : 191,
                              "width" : 106,
                              "height" : 24
                           }
                        }
                     },
                     {
                        "objectId" : "33",
                        "name" : "Notifications",
                        "visible" : true,
                        "maskFrame" : null,
                        "layerFrame" : {
                           "x" : 52,
                           "y" : 236,
                           "width" : 178,
                           "height" : 25
                        },
                        "children" : [],
                        "kind" : "group",
                        "imageType" : "png",
                        "image" : {
                           "path" : "images/33.png",
                           "frame" : {
                              "x" : 52,
                              "y" : 236,
                              "width" : 178,
                              "height" : 25
                           }
                        }
                     },
                     {
                        "objectId" : "32",
                        "name" : "Icons",
                        "visible" : true,
                        "maskFrame" : null,
                        "layerFrame" : {
                           "x" : 20,
                           "y" : 236,
                           "width" : 210,
                           "height" : 363
                        },
                        "children" : [],
                        "kind" : "group",
                        "imageType" : "png",
                        "image" : {
                           "path" : "images/32.png",
                           "frame" : {
                              "x" : 20,
                              "y" : 236,
                              "width" : 210,
                              "height" : 363
                           }
                        }
                     },
                     {
                        "objectId" : "31",
                        "name" : "Options",
                        "visible" : true,
                        "maskFrame" : null,
                        "layerFrame" : {
                           "x" : 0,
                           "y" : 290,
                           "width" : 230,
                           "height" : 334
                        },
                        "children" : [
                           {
                              "objectId" : "30",
                              "name" : "Home",
                              "visible" : true,
                              "maskFrame" : null,
                              "layerFrame" : {
                                 "x" : 0,
                                 "y" : 290,
                                 "width" : 230,
                                 "height" : 57
                              },
                              "children" : [],
                              "kind" : "group",
                              "imageType" : "png",
                              "image" : {
                                 "path" : "images/30.png",
                                 "frame" : {
                                    "x" : 0,
                                    "y" : 290,
                                    "width" : 230,
                                    "height" : 57
                                 }
                              }
                           },
                           {
                              "objectId" : "29",
                              "name" : "Adjust_Bookings",
                              "visible" : true,
                              "maskFrame" : null,
                              "layerFrame" : {
                                 "x" : 0,
                                 "y" : 359,
                                 "width" : 230,
                                 "height" : 42
                              },
                              "children" : [],
                              "kind" : "group",
                              "imageType" : "png",
                              "image" : {
                                 "path" : "images/29.png",
                                 "frame" : {
                                    "x" : 0,
                                    "y" : 359,
                                    "width" : 230,
                                    "height" : 42
                                 }
                              }
                           },
                           {
                              "objectId" : "28",
                              "name" : "Service_Robots",
                              "visible" : true,
                              "maskFrame" : null,
                              "layerFrame" : {
                                 "x" : 0,
                                 "y" : 413,
                                 "width" : 230,
                                 "height" : 49
                              },
                              "children" : [],
                              "kind" : "group",
                              "imageType" : "png",
                              "image" : {
                                 "path" : "images/28.png",
                                 "frame" : {
                                    "x" : 0,
                                    "y" : 413,
                                    "width" : 230,
                                    "height" : 49
                                 }
                              }
                           },
                           {
                              "objectId" : "27",
                              "name" : "Contact",
                              "visible" : true,
                              "maskFrame" : null,
                              "layerFrame" : {
                                 "x" : 0,
                                 "y" : 467,
                                 "width" : 230,
                                 "height" : 49
                              },
                              "children" : [],
                              "kind" : "group",
                              "imageType" : "png",
                              "image" : {
                                 "path" : "images/27.png",
                                 "frame" : {
                                    "x" : 0,
                                    "y" : 467,
                                    "width" : 230,
                                    "height" : 49
                                 }
                              }
                           },
                           {
                              "objectId" : "26",
                              "name" : "Infringements",
                              "visible" : true,
                              "maskFrame" : null,
                              "layerFrame" : {
                                 "x" : 0,
                                 "y" : 521,
                                 "width" : 230,
                                 "height" : 49
                              },
                              "children" : [],
                              "kind" : "group",
                              "imageType" : "png",
                              "image" : {
                                 "path" : "images/26.png",
                                 "frame" : {
                                    "x" : 0,
                                    "y" : 521,
                                    "width" : 230,
                                    "height" : 49
                                 }
                              }
                           },
                           {
                              "objectId" : "25",
                              "name" : "Settings",
                              "visible" : true,
                              "maskFrame" : null,
                              "layerFrame" : {
                                 "x" : 0,
                                 "y" : 575,
                                 "width" : 230,
                                 "height" : 49
                              },
                              "children" : [],
                              "kind" : "group",
                              "imageType" : "png",
                              "image" : {
                                 "path" : "images/25.png",
                                 "frame" : {
                                    "x" : 0,
                                    "y" : 575,
                                    "width" : 230,
                                    "height" : 49
                                 }
                              }
                           }
                        ],
                        "kind" : "group"
                     }
                  ],
                  "kind" : "group",
                  "imageType" : "png",
                  "image" : {
                     "path" : "images/36.png",
                     "frame" : {
                        "x" : 0,
                        "y" : 0,
                        "width" : 250,
                        "height" : 1024
                     }
                  }
               },
               {
                  "objectId" : "24",
                  "name" : "Back",
                  "visible" : true,
                  "maskFrame" : null,
                  "layerFrame" : {
                     "x" : 290,
                     "y" : 80,
                     "width" : 119,
                     "height" : 60
                  },
                  "children" : [],
                  "kind" : "group",
                  "imageType" : "png",
                  "image" : {
                     "path" : "images/24.png",
                     "frame" : {
                        "x" : 290,
                        "y" : 80,
                        "width" : 119,
                        "height" : 60
                     }
                  }
               },
               {
                  "objectId" : "23",
                  "name" : "Content_Back",
                  "visible" : true,
                  "maskFrame" : null,
                  "layerFrame" : {
                     "x" : 597,
                     "y" : 121,
                     "width" : 496,
                     "height" : 783
                  },
                  "children" : [
                     {
                        "objectId" : "22",
                        "name" : "Address_Input",
                        "visible" : true,
                        "maskFrame" : null,
                        "layerFrame" : {
                           "x" : 788,
                           "y" : 121,
                           "width" : 305,
                           "height" : 47
                        },
                        "children" : [],
                        "kind" : "group",
                        "imageType" : "png",
                        "image" : {
                           "path" : "images/22.png",
                           "frame" : {
                              "x" : 788,
                              "y" : 121,
                              "width" : 305,
                              "height" : 47
                           }
                        }
                     },
                     {
                        "objectId" : "21",
                        "name" : "Service_Option",
                        "visible" : true,
                        "maskFrame" : null,
                        "layerFrame" : {
                           "x" : 788,
                           "y" : 248,
                           "width" : 305,
                           "height" : 48
                        },
                        "children" : [],
                        "kind" : "group",
                        "imageType" : "png",
                        "image" : {
                           "path" : "images/21.png",
                           "frame" : {
                              "x" : 788,
                              "y" : 248,
                              "width" : 305,
                              "height" : 48
                           }
                        }
                     },
                     {
                        "objectId" : "20",
                        "name" : "Day_Change",
                        "visible" : true,
                        "maskFrame" : null,
                        "layerFrame" : {
                           "x" : 788,
                           "y" : 375,
                           "width" : 305,
                           "height" : 47
                        },
                        "children" : [
                           {
                              "objectId" : "19",
                              "name" : "Day_Change_Option",
                              "visible" : true,
                              "maskFrame" : null,
                              "layerFrame" : {
                                 "x" : 1037,
                                 "y" : 375,
                                 "width" : 56,
                                 "height" : 47
                              },
                              "children" : [
                                 {
                                    "objectId" : "18",
                                    "name" : "Icon_4",
                                    "visible" : true,
                                    "maskFrame" : null,
                                    "layerFrame" : {
                                       "x" : 1049,
                                       "y" : 382,
                                       "width" : 32,
                                       "height" : 33
                                    },
                                    "children" : [
                                       {
                                          "objectId" : "17",
                                          "name" : "Icon_3",
                                          "visible" : true,
                                          "maskFrame" : null,
                                          "layerFrame" : {
                                             "x" : 1049,
                                             "y" : 382,
                                             "width" : 32,
                                             "height" : 33
                                          },
                                          "children" : [],
                                          "kind" : "group",
                                          "imageType" : "png",
                                          "image" : {
                                             "path" : "images/17.png",
                                             "frame" : {
                                                "x" : 1049,
                                                "y" : 382,
                                                "width" : 32,
                                                "height" : 33
                                             }
                                          }
                                       }
                                    ],
                                    "kind" : "group"
                                 }
                              ],
                              "kind" : "group",
                              "imageType" : "png",
                              "image" : {
                                 "path" : "images/19.png",
                                 "frame" : {
                                    "x" : 1037,
                                    "y" : 375,
                                    "width" : 56,
                                    "height" : 47
                                 }
                              }
                           },
                           {
                              "objectId" : "16",
                              "name" : "Input",
                              "visible" : true,
                              "maskFrame" : null,
                              "layerFrame" : {
                                 "x" : 788,
                                 "y" : 375,
                                 "width" : 298,
                                 "height" : 47
                              },
                              "children" : [],
                              "kind" : "group",
                              "imageType" : "png",
                              "image" : {
                                 "path" : "images/16.png",
                                 "frame" : {
                                    "x" : 788,
                                    "y" : 375,
                                    "width" : 298,
                                    "height" : 47
                                 }
                              }
                           }
                        ],
                        "kind" : "group"
                     },
                     {
                        "objectId" : "15",
                        "name" : "Time_Change_2",
                        "visible" : true,
                        "maskFrame" : null,
                        "layerFrame" : {
                           "x" : 788,
                           "y" : 502,
                           "width" : 305,
                           "height" : 47
                        },
                        "children" : [
                           {
                              "objectId" : "14",
                              "name" : "Time_Click",
                              "visible" : true,
                              "maskFrame" : null,
                              "layerFrame" : {
                                 "x" : 1037,
                                 "y" : 502,
                                 "width" : 56,
                                 "height" : 47
                              },
                              "children" : [
                                 {
                                    "objectId" : "13",
                                    "name" : "Icon_2",
                                    "visible" : true,
                                    "maskFrame" : null,
                                    "layerFrame" : {
                                       "x" : 1049,
                                       "y" : 511,
                                       "width" : 32,
                                       "height" : 29
                                    },
                                    "children" : [
                                       {
                                          "objectId" : "12",
                                          "name" : "Icon",
                                          "visible" : true,
                                          "maskFrame" : null,
                                          "layerFrame" : {
                                             "x" : 1049,
                                             "y" : 511,
                                             "width" : 32,
                                             "height" : 29
                                          },
                                          "children" : [],
                                          "kind" : "group",
                                          "imageType" : "png",
                                          "image" : {
                                             "path" : "images/12.png",
                                             "frame" : {
                                                "x" : 1049,
                                                "y" : 511,
                                                "width" : 32,
                                                "height" : 29
                                             }
                                          }
                                       }
                                    ],
                                    "kind" : "group"
                                 }
                              ],
                              "kind" : "group",
                              "imageType" : "png",
                              "image" : {
                                 "path" : "images/14.png",
                                 "frame" : {
                                    "x" : 1037,
                                    "y" : 502,
                                    "width" : 56,
                                    "height" : 47
                                 }
                              }
                           },
                           {
                              "objectId" : "11",
                              "name" : "Time_Change",
                              "visible" : true,
                              "maskFrame" : null,
                              "layerFrame" : {
                                 "x" : 788,
                                 "y" : 502,
                                 "width" : 298,
                                 "height" : 47
                              },
                              "children" : [],
                              "kind" : "group",
                              "imageType" : "png",
                              "image" : {
                                 "path" : "images/11.png",
                                 "frame" : {
                                    "x" : 788,
                                    "y" : 502,
                                    "width" : 298,
                                    "height" : 47
                                 }
                              }
                           }
                        ],
                        "kind" : "group"
                     },
                     {
                        "objectId" : "10",
                        "name" : "Blue",
                        "visible" : true,
                        "maskFrame" : null,
                        "layerFrame" : {
                           "x" : 788,
                           "y" : 629,
                           "width" : 48,
                           "height" : 70
                        },
                        "children" : [
                           {
                              "objectId" : "9",
                              "name" : "Checkbox_4",
                              "visible" : true,
                              "maskFrame" : null,
                              "layerFrame" : {
                                 "x" : 793,
                                 "y" : 629,
                                 "width" : 37,
                                 "height" : 36
                              },
                              "children" : [],
                              "kind" : "group",
                              "imageType" : "png",
                              "image" : {
                                 "path" : "images/9.png",
                                 "frame" : {
                                    "x" : 793,
                                    "y" : 629,
                                    "width" : 37,
                                    "height" : 36
                                 }
                              }
                           }
                        ],
                        "kind" : "group",
                        "imageType" : "png",
                        "image" : {
                           "path" : "images/10.png",
                           "frame" : {
                              "x" : 788,
                              "y" : 629,
                              "width" : 48,
                              "height" : 70
                           }
                        }
                     },
                     {
                        "objectId" : "8",
                        "name" : "Green",
                        "visible" : true,
                        "maskFrame" : null,
                        "layerFrame" : {
                           "x" : 856,
                           "y" : 629,
                           "width" : 65,
                           "height" : 70
                        },
                        "children" : [
                           {
                              "objectId" : "7",
                              "name" : "Checkbox_3",
                              "visible" : true,
                              "maskFrame" : null,
                              "layerFrame" : {
                                 "x" : 870,
                                 "y" : 629,
                                 "width" : 37,
                                 "height" : 36
                              },
                              "children" : [],
                              "kind" : "group",
                              "imageType" : "png",
                              "image" : {
                                 "path" : "images/7.png",
                                 "frame" : {
                                    "x" : 870,
                                    "y" : 629,
                                    "width" : 37,
                                    "height" : 36
                                 }
                              }
                           }
                        ],
                        "kind" : "group",
                        "imageType" : "png",
                        "image" : {
                           "path" : "images/8.png",
                           "frame" : {
                              "x" : 856,
                              "y" : 629,
                              "width" : 65,
                              "height" : 70
                           }
                        }
                     },
                     {
                        "objectId" : "6",
                        "name" : "Red",
                        "visible" : true,
                        "maskFrame" : null,
                        "layerFrame" : {
                           "x" : 941,
                           "y" : 629,
                           "width" : 43,
                           "height" : 70
                        },
                        "children" : [
                           {
                              "objectId" : "5",
                              "name" : "Checkbox_2",
                              "visible" : true,
                              "maskFrame" : null,
                              "layerFrame" : {
                                 "x" : 944,
                                 "y" : 629,
                                 "width" : 37,
                                 "height" : 36
                              },
                              "children" : [],
                              "kind" : "group",
                              "imageType" : "png",
                              "image" : {
                                 "path" : "images/5.png",
                                 "frame" : {
                                    "x" : 944,
                                    "y" : 629,
                                    "width" : 37,
                                    "height" : 36
                                 }
                              }
                           }
                        ],
                        "kind" : "group",
                        "imageType" : "png",
                        "image" : {
                           "path" : "images/6.png",
                           "frame" : {
                              "x" : 941,
                              "y" : 629,
                              "width" : 43,
                              "height" : 70
                           }
                        }
                     },
                     {
                        "objectId" : "4",
                        "name" : "Yellow",
                        "visible" : true,
                        "maskFrame" : null,
                        "layerFrame" : {
                           "x" : 1004,
                           "y" : 629,
                           "width" : 72,
                           "height" : 71
                        },
                        "children" : [
                           {
                              "objectId" : "3",
                              "name" : "Checkbox",
                              "visible" : true,
                              "maskFrame" : null,
                              "layerFrame" : {
                                 "x" : 1021,
                                 "y" : 629,
                                 "width" : 37,
                                 "height" : 36
                              },
                              "children" : [],
                              "kind" : "group",
                              "imageType" : "png",
                              "image" : {
                                 "path" : "images/3.png",
                                 "frame" : {
                                    "x" : 1021,
                                    "y" : 629,
                                    "width" : 37,
                                    "height" : 36
                                 }
                              }
                           }
                        ],
                        "kind" : "group",
                        "imageType" : "png",
                        "image" : {
                           "path" : "images/4.png",
                           "frame" : {
                              "x" : 1004,
                              "y" : 629,
                              "width" : 72,
                              "height" : 71
                           }
                        }
                     },
                     {
                        "objectId" : "2",
                        "name" : "Confirm",
                        "visible" : true,
                        "maskFrame" : null,
                        "layerFrame" : {
                           "x" : 788,
                           "y" : 740,
                           "width" : 305,
                           "height" : 62
                        },
                        "children" : [],
                        "kind" : "group",
                        "imageType" : "png",
                        "image" : {
                           "path" : "images/2.png",
                           "frame" : {
                              "x" : 788,
                              "y" : 740,
                              "width" : 305,
                              "height" : 62
                           }
                        }
                     },
                     {
                        "objectId" : "1",
                        "name" : "Undo",
                        "visible" : true,
                        "maskFrame" : null,
                        "layerFrame" : {
                           "x" : 829,
                           "y" : 842,
                           "width" : 223,
                           "height" : 62
                        },
                        "children" : [],
                        "kind" : "group",
                        "imageType" : "png",
                        "image" : {
                           "path" : "images/1.png",
                           "frame" : {
                              "x" : 829,
                              "y" : 842,
                              "width" : 223,
                              "height" : 62
                           }
                        }
                     }
                  ],
                  "kind" : "group",
                  "imageType" : "png",
                  "image" : {
                     "path" : "images/23.png",
                     "frame" : {
                        "x" : 597,
                        "y" : 121,
                        "width" : 496,
                        "height" : 783
                     }
                  }
               },
               {
                  "objectId" : "0",
                  "name" : "BG",
                  "visible" : true,
                  "maskFrame" : null,
                  "layerFrame" : {
                     "x" : 250,
                     "y" : 0,
                     "width" : 1190,
                     "height" : 1024
                  },
                  "children" : [],
                  "kind" : "group",
                  "imageType" : "png",
                  "image" : {
                     "path" : "images/0.png",
                     "frame" : {
                        "x" : 250,
                        "y" : 0,
                        "width" : 1190,
                        "height" : 1024
                     }
                  }
               }
            ],
            "kind" : "group"
         }
      ],
      "kind" : "artboard",
      "backgroundColor" : "rgba(1.00000, 1.00000, 1.00000, 1.00000)"
   }
]