[
   {
      "objectId" : "54",
      "name" : "ServiceRobot",
      "visible" : true,
      "maskFrame" : {
         "x" : 760,
         "y" : 4580,
         "width" : 1440,
         "height" : 1024
      },
      "layerFrame" : {
         "x" : 760,
         "y" : 4580,
         "width" : 1440,
         "height" : 1024
      },
      "children" : [
         {
            "objectId" : "53",
            "name" : "Nav_Side_Bar",
            "visible" : true,
            "maskFrame" : null,
            "layerFrame" : {
               "x" : 0,
               "y" : 0,
               "width" : 250,
               "height" : 1024
            },
            "children" : [
               {
                  "objectId" : "52",
                  "name" : "Icons",
                  "visible" : true,
                  "maskFrame" : null,
                  "layerFrame" : {
                     "x" : 20,
                     "y" : 236,
                     "width" : 210,
                     "height" : 489
                  },
                  "children" : [
                     {
                        "objectId" : "51",
                        "name" : "Notifications_2",
                        "visible" : true,
                        "maskFrame" : null,
                        "layerFrame" : {
                           "x" : 206,
                           "y" : 236,
                           "width" : 24,
                           "height" : 24
                        },
                        "children" : [],
                        "kind" : "group",
                        "imageType" : "png",
                        "image" : {
                           "path" : "images/51.png",
                           "frame" : {
                              "x" : 206,
                              "y" : 236,
                              "width" : 24,
                              "height" : 24
                           }
                        }
                     },
                     {
                        "objectId" : "50",
                        "name" : "Home_2",
                        "visible" : true,
                        "maskFrame" : null,
                        "layerFrame" : {
                           "x" : 20,
                           "y" : 305,
                           "width" : 24,
                           "height" : 24
                        },
                        "children" : [],
                        "kind" : "group",
                        "imageType" : "png",
                        "image" : {
                           "path" : "images/50.png",
                           "frame" : {
                              "x" : 20,
                              "y" : 305,
                              "width" : 24,
                              "height" : 24
                           }
                        }
                     },
                     {
                        "objectId" : "49",
                        "name" : "Adjust_Bookings_2",
                        "visible" : true,
                        "maskFrame" : null,
                        "layerFrame" : {
                           "x" : 20,
                           "y" : 359,
                           "width" : 24,
                           "height" : 24
                        },
                        "children" : [],
                        "kind" : "group",
                        "imageType" : "png",
                        "image" : {
                           "path" : "images/49.png",
                           "frame" : {
                              "x" : 20,
                              "y" : 359,
                              "width" : 24,
                              "height" : 24
                           }
                        }
                     },
                     {
                        "objectId" : "48",
                        "name" : "Service_Robots_2",
                        "visible" : true,
                        "maskFrame" : null,
                        "layerFrame" : {
                           "x" : 20,
                           "y" : 413,
                           "width" : 24,
                           "height" : 24
                        },
                        "children" : [],
                        "kind" : "group",
                        "imageType" : "png",
                        "image" : {
                           "path" : "images/48.png",
                           "frame" : {
                              "x" : 20,
                              "y" : 413,
                              "width" : 24,
                              "height" : 24
                           }
                        }
                     },
                     {
                        "objectId" : "47",
                        "name" : "Contact_2",
                        "visible" : true,
                        "maskFrame" : null,
                        "layerFrame" : {
                           "x" : 20,
                           "y" : 467,
                           "width" : 24,
                           "height" : 24
                        },
                        "children" : [],
                        "kind" : "group",
                        "imageType" : "png",
                        "image" : {
                           "path" : "images/47.png",
                           "frame" : {
                              "x" : 20,
                              "y" : 467,
                              "width" : 24,
                              "height" : 24
                           }
                        }
                     },
                     {
                        "objectId" : "46",
                        "name" : "Infringements_2",
                        "visible" : true,
                        "maskFrame" : null,
                        "layerFrame" : {
                           "x" : 20,
                           "y" : 647,
                           "width" : 24,
                           "height" : 24
                        },
                        "children" : [],
                        "kind" : "group",
                        "imageType" : "png",
                        "image" : {
                           "path" : "images/46.png",
                           "frame" : {
                              "x" : 20,
                              "y" : 647,
                              "width" : 24,
                              "height" : 24
                           }
                        }
                     },
                     {
                        "objectId" : "45",
                        "name" : "Settings_2",
                        "visible" : true,
                        "maskFrame" : null,
                        "layerFrame" : {
                           "x" : 20,
                           "y" : 701,
                           "width" : 24,
                           "height" : 24
                        },
                        "children" : [],
                        "kind" : "group",
                        "imageType" : "png",
                        "image" : {
                           "path" : "images/45.png",
                           "frame" : {
                              "x" : 20,
                              "y" : 701,
                              "width" : 24,
                              "height" : 24
                           }
                        }
                     }
                  ],
                  "kind" : "group"
               },
               {
                  "objectId" : "44",
                  "name" : "Options",
                  "visible" : true,
                  "maskFrame" : null,
                  "layerFrame" : {
                     "x" : 0,
                     "y" : 290,
                     "width" : 230,
                     "height" : 453
                  },
                  "children" : [
                     {
                        "objectId" : "43",
                        "name" : "Home",
                        "visible" : true,
                        "maskFrame" : null,
                        "layerFrame" : {
                           "x" : 0,
                           "y" : 290,
                           "width" : 230,
                           "height" : 57
                        },
                        "children" : [],
                        "kind" : "group",
                        "imageType" : "png",
                        "image" : {
                           "path" : "images/43.png",
                           "frame" : {
                              "x" : 0,
                              "y" : 290,
                              "width" : 230,
                              "height" : 57
                           }
                        }
                     },
                     {
                        "objectId" : "42",
                        "name" : "Adjust_Bookings",
                        "visible" : true,
                        "maskFrame" : null,
                        "layerFrame" : {
                           "x" : 0,
                           "y" : 359,
                           "width" : 230,
                           "height" : 42
                        },
                        "children" : [],
                        "kind" : "group",
                        "imageType" : "png",
                        "image" : {
                           "path" : "images/42.png",
                           "frame" : {
                              "x" : 0,
                              "y" : 359,
                              "width" : 230,
                              "height" : 42
                           }
                        }
                     },
                     {
                        "objectId" : "41",
                        "name" : "Service_Robots",
                        "visible" : true,
                        "maskFrame" : null,
                        "layerFrame" : {
                           "x" : 0,
                           "y" : 413,
                           "width" : 230,
                           "height" : 42
                        },
                        "children" : [],
                        "kind" : "group",
                        "imageType" : "png",
                        "image" : {
                           "path" : "images/41.png",
                           "frame" : {
                              "x" : 0,
                              "y" : 413,
                              "width" : 230,
                              "height" : 42
                           }
                        }
                     },
                     {
                        "objectId" : "40",
                        "name" : "Contact",
                        "visible" : true,
                        "maskFrame" : null,
                        "layerFrame" : {
                           "x" : 0,
                           "y" : 467,
                           "width" : 230,
                           "height" : 167
                        },
                        "children" : [
                           {
                              "objectId" : "39",
                              "name" : "ContactTab",
                              "visible" : true,
                              "maskFrame" : null,
                              "layerFrame" : {
                                 "x" : 0,
                                 "y" : 468,
                                 "width" : 230,
                                 "height" : 40
                              },
                              "children" : [
                                 {
                                    "objectId" : "38",
                                    "name" : "ContactTabBorder",
                                    "visible" : true,
                                    "maskFrame" : null,
                                    "layerFrame" : {
                                       "x" : 0,
                                       "y" : 505,
                                       "width" : 230,
                                       "height" : 3
                                    },
                                    "children" : [],
                                    "kind" : "group",
                                    "imageType" : "png",
                                    "image" : {
                                       "path" : "images/38.png",
                                       "frame" : {
                                          "x" : 0,
                                          "y" : 505,
                                          "width" : 230,
                                          "height" : 3
                                       }
                                    }
                                 }
                              ],
                              "kind" : "group",
                              "imageType" : "png",
                              "image" : {
                                 "path" : "images/39.png",
                                 "frame" : {
                                    "x" : 0,
                                    "y" : 468,
                                    "width" : 230,
                                    "height" : 40
                                 }
                              }
                           },
                           {
                              "objectId" : "37",
                              "name" : "ArrowDrop",
                              "visible" : true,
                              "maskFrame" : null,
                              "layerFrame" : {
                                 "x" : 206,
                                 "y" : 467,
                                 "width" : 24,
                                 "height" : 24
                              },
                              "children" : [
                                 {
                                    "objectId" : "36",
                                    "name" : "Arrow",
                                    "visible" : true,
                                    "maskFrame" : null,
                                    "layerFrame" : {
                                       "x" : 206,
                                       "y" : 467,
                                       "width" : 24,
                                       "height" : 24
                                    },
                                    "children" : [],
                                    "kind" : "group",
                                    "imageType" : "png",
                                    "image" : {
                                       "path" : "images/36.png",
                                       "frame" : {
                                          "x" : 206,
                                          "y" : 467,
                                          "width" : 24,
                                          "height" : 24
                                       }
                                    }
                                 }
                              ],
                              "kind" : "group"
                           },
                           {
                              "objectId" : "35",
                              "name" : "ResidentTab",
                              "visible" : true,
                              "maskFrame" : null,
                              "layerFrame" : {
                                 "x" : 37,
                                 "y" : 506,
                                 "width" : 193,
                                 "height" : 44
                              },
                              "children" : [
                                 {
                                    "objectId" : "34",
                                    "name" : "ResidentBorder",
                                    "visible" : true,
                                    "maskFrame" : null,
                                    "layerFrame" : {
                                       "x" : 37,
                                       "y" : 547,
                                       "width" : 193,
                                       "height" : 3
                                    },
                                    "children" : [],
                                    "kind" : "group",
                                    "imageType" : "png",
                                    "image" : {
                                       "path" : "images/34.png",
                                       "frame" : {
                                          "x" : 37,
                                          "y" : 547,
                                          "width" : 193,
                                          "height" : 3
                                       }
                                    }
                                 },
                                 {
                                    "objectId" : "33",
                                    "name" : "Resident",
                                    "visible" : true,
                                    "maskFrame" : null,
                                    "layerFrame" : {
                                       "x" : 52,
                                       "y" : 506,
                                       "width" : 95,
                                       "height" : 42
                                    },
                                    "children" : [],
                                    "kind" : "group",
                                    "imageType" : "png",
                                    "image" : {
                                       "path" : "images/33.png",
                                       "frame" : {
                                          "x" : 52,
                                          "y" : 506,
                                          "width" : 95,
                                          "height" : 42
                                       }
                                    }
                                 }
                              ],
                              "kind" : "group"
                           },
                           {
                              "objectId" : "32",
                              "name" : "TechnicianTab",
                              "visible" : true,
                              "maskFrame" : null,
                              "layerFrame" : {
                                 "x" : 37,
                                 "y" : 548,
                                 "width" : 193,
                                 "height" : 44
                              },
                              "children" : [
                                 {
                                    "objectId" : "31",
                                    "name" : "TechnicianBorder",
                                    "visible" : true,
                                    "maskFrame" : null,
                                    "layerFrame" : {
                                       "x" : 37,
                                       "y" : 589,
                                       "width" : 193,
                                       "height" : 3
                                    },
                                    "children" : [],
                                    "kind" : "group",
                                    "imageType" : "png",
                                    "image" : {
                                       "path" : "images/31.png",
                                       "frame" : {
                                          "x" : 37,
                                          "y" : 589,
                                          "width" : 193,
                                          "height" : 3
                                       }
                                    }
                                 },
                                 {
                                    "objectId" : "30",
                                    "name" : "Technicians",
                                    "visible" : true,
                                    "maskFrame" : null,
                                    "layerFrame" : {
                                       "x" : 52,
                                       "y" : 548,
                                       "width" : 111,
                                       "height" : 42
                                    },
                                    "children" : [],
                                    "kind" : "group",
                                    "imageType" : "png",
                                    "image" : {
                                       "path" : "images/30.png",
                                       "frame" : {
                                          "x" : 52,
                                          "y" : 548,
                                          "width" : 111,
                                          "height" : 42
                                       }
                                    }
                                 }
                              ],
                              "kind" : "group"
                           },
                           {
                              "objectId" : "29",
                              "name" : "PoliceTab",
                              "visible" : true,
                              "maskFrame" : null,
                              "layerFrame" : {
                                 "x" : 37,
                                 "y" : 590,
                                 "width" : 193,
                                 "height" : 44
                              },
                              "children" : [
                                 {
                                    "objectId" : "28",
                                    "name" : "PoliceBorder",
                                    "visible" : true,
                                    "maskFrame" : null,
                                    "layerFrame" : {
                                       "x" : 37,
                                       "y" : 631,
                                       "width" : 193,
                                       "height" : 3
                                    },
                                    "children" : [],
                                    "kind" : "group",
                                    "imageType" : "png",
                                    "image" : {
                                       "path" : "images/28.png",
                                       "frame" : {
                                          "x" : 37,
                                          "y" : 631,
                                          "width" : 193,
                                          "height" : 3
                                       }
                                    }
                                 },
                                 {
                                    "objectId" : "27",
                                    "name" : "Police",
                                    "visible" : true,
                                    "maskFrame" : null,
                                    "layerFrame" : {
                                       "x" : 52,
                                       "y" : 590,
                                       "width" : 95,
                                       "height" : 42
                                    },
                                    "children" : [],
                                    "kind" : "group",
                                    "imageType" : "png",
                                    "image" : {
                                       "path" : "images/27.png",
                                       "frame" : {
                                          "x" : 52,
                                          "y" : 590,
                                          "width" : 95,
                                          "height" : 42
                                       }
                                    }
                                 }
                              ],
                              "kind" : "group"
                           }
                        ],
                        "kind" : "group"
                     },
                     {
                        "objectId" : "26",
                        "name" : "Infringements",
                        "visible" : true,
                        "maskFrame" : null,
                        "layerFrame" : {
                           "x" : 0,
                           "y" : 647,
                           "width" : 230,
                           "height" : 42
                        },
                        "children" : [],
                        "kind" : "group",
                        "imageType" : "png",
                        "image" : {
                           "path" : "images/26.png",
                           "frame" : {
                              "x" : 0,
                              "y" : 647,
                              "width" : 230,
                              "height" : 42
                           }
                        }
                     },
                     {
                        "objectId" : "25",
                        "name" : "Settings",
                        "visible" : true,
                        "maskFrame" : null,
                        "layerFrame" : {
                           "x" : 0,
                           "y" : 701,
                           "width" : 230,
                           "height" : 42
                        },
                        "children" : [],
                        "kind" : "group",
                        "imageType" : "png",
                        "image" : {
                           "path" : "images/25.png",
                           "frame" : {
                              "x" : 0,
                              "y" : 701,
                              "width" : 230,
                              "height" : 42
                           }
                        }
                     }
                  ],
                  "kind" : "group"
               },
               {
                  "objectId" : "24",
                  "name" : "AvatarContainer",
                  "visible" : true,
                  "maskFrame" : null,
                  "layerFrame" : {
                     "x" : 72,
                     "y" : 43,
                     "width" : 106,
                     "height" : 138
                  },
                  "children" : [
                     {
                        "objectId" : "23",
                        "name" : "Avatar_Placeholder",
                        "visible" : true,
                        "maskFrame" : null,
                        "layerFrame" : {
                           "x" : 72,
                           "y" : 43,
                           "width" : 106,
                           "height" : 106
                        },
                        "children" : [],
                        "kind" : "group",
                        "imageType" : "png",
                        "image" : {
                           "path" : "images/23.png",
                           "frame" : {
                              "x" : 72,
                              "y" : 43,
                              "width" : 106,
                              "height" : 106
                           }
                        }
                     }
                  ],
                  "kind" : "group",
                  "imageType" : "png",
                  "image" : {
                     "path" : "images/24.png",
                     "frame" : {
                        "x" : 72,
                        "y" : 43,
                        "width" : 106,
                        "height" : 138
                     }
                  }
               },
               {
                  "objectId" : "22",
                  "name" : "SignOut",
                  "visible" : true,
                  "maskFrame" : null,
                  "layerFrame" : {
                     "x" : 72,
                     "y" : 191,
                     "width" : 106,
                     "height" : 24
                  },
                  "children" : [],
                  "kind" : "group",
                  "imageType" : "png",
                  "image" : {
                     "path" : "images/22.png",
                     "frame" : {
                        "x" : 72,
                        "y" : 191,
                        "width" : 106,
                        "height" : 24
                     }
                  }
               },
               {
                  "objectId" : "21",
                  "name" : "Notifications",
                  "visible" : true,
                  "maskFrame" : null,
                  "layerFrame" : {
                     "x" : 52,
                     "y" : 236,
                     "width" : 178,
                     "height" : 25
                  },
                  "children" : [],
                  "kind" : "group",
                  "imageType" : "png",
                  "image" : {
                     "path" : "images/21.png",
                     "frame" : {
                        "x" : 52,
                        "y" : 236,
                        "width" : 178,
                        "height" : 25
                     }
                  }
               },
               {
                  "objectId" : "20",
                  "name" : "Chosen_Standard",
                  "visible" : true,
                  "maskFrame" : null,
                  "layerFrame" : {
                     "x" : 0,
                     "y" : 398,
                     "width" : 10,
                     "height" : 54
                  },
                  "children" : [],
                  "kind" : "group",
                  "imageType" : "png",
                  "image" : {
                     "path" : "images/20.png",
                     "frame" : {
                        "x" : 0,
                        "y" : 398,
                        "width" : 10,
                        "height" : 54
                     }
                  }
               },
               {
                  "objectId" : "19",
                  "name" : "Nav_BG",
                  "visible" : true,
                  "maskFrame" : null,
                  "layerFrame" : {
                     "x" : 0,
                     "y" : 0,
                     "width" : 250,
                     "height" : 1024
                  },
                  "children" : [],
                  "kind" : "group",
                  "imageType" : "png",
                  "image" : {
                     "path" : "images/19.png",
                     "frame" : {
                        "x" : 0,
                        "y" : 0,
                        "width" : 250,
                        "height" : 1024
                     }
                  }
               }
            ],
            "kind" : "group",
            "imageType" : "png",
            "image" : {
               "path" : "images/53.png",
               "frame" : {
                  "x" : 0,
                  "y" : 0,
                  "width" : 250,
                  "height" : 1024
               }
            }
         },
         {
            "objectId" : "18",
            "name" : "Content",
            "visible" : true,
            "maskFrame" : null,
            "layerFrame" : {
               "x" : 290,
               "y" : 80,
               "width" : 804,
               "height" : 717
            },
            "children" : [
               {
                  "objectId" : "17",
                  "name" : "Back",
                  "visible" : true,
                  "maskFrame" : null,
                  "layerFrame" : {
                     "x" : 290,
                     "y" : 80,
                     "width" : 119,
                     "height" : 60
                  },
                  "children" : [],
                  "kind" : "group",
                  "imageType" : "png",
                  "image" : {
                     "path" : "images/17.png",
                     "frame" : {
                        "x" : 290,
                        "y" : 80,
                        "width" : 119,
                        "height" : 60
                     }
                  }
               },
               {
                  "objectId" : "16",
                  "name" : "Form",
                  "visible" : true,
                  "maskFrame" : null,
                  "layerFrame" : {
                     "x" : 422,
                     "y" : 226,
                     "width" : 672,
                     "height" : 571
                  },
                  "children" : [
                     {
                        "objectId" : "15",
                        "name" : "LastServiceGrp",
                        "visible" : true,
                        "maskFrame" : null,
                        "layerFrame" : {
                           "x" : 582,
                           "y" : 226,
                           "width" : 512,
                           "height" : 49
                        },
                        "children" : [
                           {
                              "objectId" : "14",
                              "name" : "LastServiceInput",
                              "visible" : true,
                              "maskFrame" : null,
                              "layerFrame" : {
                                 "x" : 787,
                                 "y" : 226,
                                 "width" : 307,
                                 "height" : 49
                              },
                              "children" : [],
                              "kind" : "group",
                              "imageType" : "png",
                              "image" : {
                                 "path" : "images/14.png",
                                 "frame" : {
                                    "x" : 787,
                                    "y" : 226,
                                    "width" : 307,
                                    "height" : 49
                                 }
                              }
                           }
                        ],
                        "kind" : "group",
                        "imageType" : "png",
                        "image" : {
                           "path" : "images/15.png",
                           "frame" : {
                              "x" : 582,
                              "y" : 226,
                              "width" : 512,
                              "height" : 49
                           }
                        }
                     },
                     {
                        "objectId" : "13",
                        "name" : "LastBookingGrp",
                        "visible" : true,
                        "maskFrame" : null,
                        "layerFrame" : {
                           "x" : 422,
                           "y" : 353,
                           "width" : 672,
                           "height" : 49
                        },
                        "children" : [
                           {
                              "objectId" : "12",
                              "name" : "LastBookingInput",
                              "visible" : true,
                              "maskFrame" : null,
                              "layerFrame" : {
                                 "x" : 787,
                                 "y" : 353,
                                 "width" : 307,
                                 "height" : 49
                              },
                              "children" : [],
                              "kind" : "group",
                              "imageType" : "png",
                              "image" : {
                                 "path" : "images/12.png",
                                 "frame" : {
                                    "x" : 787,
                                    "y" : 353,
                                    "width" : 307,
                                    "height" : 49
                                 }
                              }
                           }
                        ],
                        "kind" : "group",
                        "imageType" : "png",
                        "image" : {
                           "path" : "images/13.png",
                           "frame" : {
                              "x" : 422,
                              "y" : 353,
                              "width" : 672,
                              "height" : 49
                           }
                        }
                     },
                     {
                        "objectId" : "11",
                        "name" : "ServiceDateGrp",
                        "visible" : true,
                        "maskFrame" : null,
                        "layerFrame" : {
                           "x" : 533,
                           "y" : 481,
                           "width" : 560,
                           "height" : 47
                        },
                        "children" : [
                           {
                              "objectId" : "10",
                              "name" : "DateInput",
                              "visible" : true,
                              "maskFrame" : null,
                              "layerFrame" : {
                                 "x" : 788,
                                 "y" : 481,
                                 "width" : 305,
                                 "height" : 47
                              },
                              "children" : [
                                 {
                                    "objectId" : "9",
                                    "name" : "Button_2",
                                    "visible" : true,
                                    "maskFrame" : null,
                                    "layerFrame" : {
                                       "x" : 1037,
                                       "y" : 481,
                                       "width" : 56,
                                       "height" : 47
                                    },
                                    "children" : [
                                       {
                                          "objectId" : "8",
                                          "name" : "Icon_2",
                                          "visible" : true,
                                          "maskFrame" : null,
                                          "layerFrame" : {
                                             "x" : 1049,
                                             "y" : 488,
                                             "width" : 32,
                                             "height" : 33
                                          },
                                          "children" : [],
                                          "kind" : "group",
                                          "imageType" : "png",
                                          "image" : {
                                             "path" : "images/8.png",
                                             "frame" : {
                                                "x" : 1049,
                                                "y" : 488,
                                                "width" : 32,
                                                "height" : 33
                                             }
                                          }
                                       }
                                    ],
                                    "kind" : "group",
                                    "imageType" : "png",
                                    "image" : {
                                       "path" : "images/9.png",
                                       "frame" : {
                                          "x" : 1037,
                                          "y" : 481,
                                          "width" : 56,
                                          "height" : 47
                                       }
                                    }
                                 },
                                 {
                                    "objectId" : "7",
                                    "name" : "Info_2",
                                    "visible" : true,
                                    "maskFrame" : null,
                                    "layerFrame" : {
                                       "x" : 788,
                                       "y" : 481,
                                       "width" : 298,
                                       "height" : 47
                                    },
                                    "children" : [],
                                    "kind" : "group",
                                    "imageType" : "png",
                                    "image" : {
                                       "path" : "images/7.png",
                                       "frame" : {
                                          "x" : 788,
                                          "y" : 481,
                                          "width" : 298,
                                          "height" : 47
                                       }
                                    }
                                 }
                              ],
                              "kind" : "group"
                           }
                        ],
                        "kind" : "group",
                        "imageType" : "png",
                        "image" : {
                           "path" : "images/11.png",
                           "frame" : {
                              "x" : 533,
                              "y" : 481,
                              "width" : 560,
                              "height" : 47
                           }
                        }
                     },
                     {
                        "objectId" : "6",
                        "name" : "ServiceTimeGrp",
                        "visible" : true,
                        "maskFrame" : null,
                        "layerFrame" : {
                           "x" : 543,
                           "y" : 608,
                           "width" : 550,
                           "height" : 47
                        },
                        "children" : [
                           {
                              "objectId" : "5",
                              "name" : "TimeInput",
                              "visible" : true,
                              "maskFrame" : null,
                              "layerFrame" : {
                                 "x" : 788,
                                 "y" : 608,
                                 "width" : 305,
                                 "height" : 47
                              },
                              "children" : [
                                 {
                                    "objectId" : "4",
                                    "name" : "Button",
                                    "visible" : true,
                                    "maskFrame" : null,
                                    "layerFrame" : {
                                       "x" : 1037,
                                       "y" : 608,
                                       "width" : 56,
                                       "height" : 47
                                    },
                                    "children" : [
                                       {
                                          "objectId" : "3",
                                          "name" : "Icon",
                                          "visible" : true,
                                          "maskFrame" : null,
                                          "layerFrame" : {
                                             "x" : 1049,
                                             "y" : 617,
                                             "width" : 32,
                                             "height" : 29
                                          },
                                          "children" : [],
                                          "kind" : "group",
                                          "imageType" : "png",
                                          "image" : {
                                             "path" : "images/3.png",
                                             "frame" : {
                                                "x" : 1049,
                                                "y" : 617,
                                                "width" : 32,
                                                "height" : 29
                                             }
                                          }
                                       }
                                    ],
                                    "kind" : "group",
                                    "imageType" : "png",
                                    "image" : {
                                       "path" : "images/4.png",
                                       "frame" : {
                                          "x" : 1037,
                                          "y" : 608,
                                          "width" : 56,
                                          "height" : 47
                                       }
                                    }
                                 },
                                 {
                                    "objectId" : "2",
                                    "name" : "Info",
                                    "visible" : true,
                                    "maskFrame" : null,
                                    "layerFrame" : {
                                       "x" : 788,
                                       "y" : 608,
                                       "width" : 298,
                                       "height" : 47
                                    },
                                    "children" : [],
                                    "kind" : "group",
                                    "imageType" : "png",
                                    "image" : {
                                       "path" : "images/2.png",
                                       "frame" : {
                                          "x" : 788,
                                          "y" : 608,
                                          "width" : 298,
                                          "height" : 47
                                       }
                                    }
                                 }
                              ],
                              "kind" : "group"
                           }
                        ],
                        "kind" : "group",
                        "imageType" : "png",
                        "image" : {
                           "path" : "images/6.png",
                           "frame" : {
                              "x" : 543,
                              "y" : 608,
                              "width" : 550,
                              "height" : 47
                           }
                        }
                     },
                     {
                        "objectId" : "1",
                        "name" : "ServiceButton",
                        "visible" : true,
                        "maskFrame" : null,
                        "layerFrame" : {
                           "x" : 788,
                           "y" : 735,
                           "width" : 305,
                           "height" : 62
                        },
                        "children" : [],
                        "kind" : "group",
                        "imageType" : "png",
                        "image" : {
                           "path" : "images/1.png",
                           "frame" : {
                              "x" : 788,
                              "y" : 735,
                              "width" : 305,
                              "height" : 62
                           }
                        }
                     }
                  ],
                  "kind" : "group"
               }
            ],
            "kind" : "group"
         },
         {
            "objectId" : "0",
            "name" : "BG_BACK",
            "visible" : true,
            "maskFrame" : null,
            "layerFrame" : {
               "x" : 250,
               "y" : 0,
               "width" : 1190,
               "height" : 1024
            },
            "children" : [],
            "kind" : "group",
            "imageType" : "png",
            "image" : {
               "path" : "images/0.png",
               "frame" : {
                  "x" : 250,
                  "y" : 0,
                  "width" : 1190,
                  "height" : 1024
               }
            }
         }
      ],
      "kind" : "artboard",
      "backgroundColor" : "rgba(1.00000, 1.00000, 1.00000, 1.00000)"
   }
]